 1.0.0.00.00.00.000; 1.0.0.00.00.00-9; ATIVO REALIZAVEL;141033125,3;137220191,5;35128054,34;38940988,08;3459;6182;0;0; Balancete Mensal - 01/2025; 01/2025
 1.1.0.00.00.00.000; 1.1.0.00.00.00-2; DISPONIBILIDADES;3123521,46;1316072,67;13210840,3;15018289,09;2172;731;0;0; Balancete Mensal - 01/2025; 01/2025
 1.1.2.00.00.00.000; 1.1.2.00.00.00-6; DEPOSITOS BANCARIOS;3123521,46;1316072,67;13206392,24;15013841,03;2170;728;0;0; Balancete Mensal - 01/2025; 01/2025
 1.1.2.30.00.00.000; 1.1.2.30.00.00-3; DEPOSITOS BANCARIOS DE INSTITUICOES;3123521,46;1316072,67;13206392,24;15013841,03;2170;728;0;0; Balancete Mensal - 01/2025; 01/2025
 1.1.2.30.01.00.000; ; DEPOSITOS BANCARIOS DE INSTITUICOES;3123521,46;1316072,67;13206392,24;15013841,03;2170;728;0;0; Balancete Mensal - 01/2025; 01/2025
 1.1.2.30.01.01.000; ; BANCO ITAU S/A;243124,83;469384,33;226259,5;0;0;134;0;0; Balancete Mensal - 01/2025; 01/2025
 1.1.2.30.01.01.001; ; BANCO ITAU S/A;243124,83;469384,33;226259,5;0;0;134;0;0; Balancete Mensal - 01/2025; 01/2025
 1.1.2.30.01.02.000; ; BANCO SANTANDER S/A;2241742,43;839327,59;12980132,74;14382547,58;2166;594;0;0; Balancete Mensal - 01/2025; 01/2025
 1.1.2.30.01.02.001; ; BANCO SANTANDER S/A;2184532,67;775964,39;12973974,47;14382542,75;2160;590;0;0; Balancete Mensal - 01/2025; 01/2025
 1.1.2.30.01.02.002; ; BANCO SANTANDER S/A - 130078880;57209,76;63363,2;6158,27;4,83;6;4;0;0; Balancete Mensal - 01/2025; 01/2025
 1.1.2.30.01.03.000; ; BANCO SAFRA S/A;110,7;110,7;0;0;0;0;0;0; Balancete Mensal - 01/2025; 01/2025
 1.1.2.30.01.03.001; ; BANCO SAFRA S.A;110,7;110,7;0;0;0;0;0;0; Balancete Mensal - 01/2025; 01/2025
 1.1.2.30.01.04.000; ; BANCO UNIPRIME;638543,5;7250,05;0;631293,45;4;0;0;0; Balancete Mensal - 01/2025; 01/2025
 1.1.2.30.01.04.001; ; BANCO UNIPRIME;638543,5;7250,05;0;631293,45;4;0;0;0; Balancete Mensal - 01/2025; 01/2025
 1.3.0.00.00.00.000; 1.3.0.00.00.00-8; TITULOS E VALORES MOBILIARIOS E INS;40844792,14;40459405,15;5319613,01;5705000;13;13;0;0; Balancete Mensal - 01/2025; 01/2025
 1.3.1.00.00.00.000; 1.3.1.00.00.00-5; LIVRES;40844792,14;40459405,15;5319613,01;5705000;13;13;0;0; Balancete Mensal - 01/2025; 01/2025
 1.3.1.15.00.00.000; 1.3.1.15.00.00-9; COTAS DE FUNDOS DE INVESTIMENTO;40826244,95;40440857,96;5319613,01;5705000;13;13;0;0; Balancete Mensal - 01/2025; 01/2025
 1.3.1.15.15.00.000; 1.3.1.15.15.00-1; COTAS DE FUNDO DE CURTO PRAZO;40826244,95;40440857,96;5319613,01;5705000;13;13;0;0; Balancete Mensal - 01/2025; 01/2025
 1.3.1.15.15.01.000; ; COTAS DE FUNDO DE CURTO PRAZO;40826244,95;40440857,96;5319613,01;5705000;13;13;0;0; Balancete Mensal - 01/2025; 01/2025
 1.3.1.15.15.01.001; ; COTAS FUNDO CURTO PRAZO ITAU;23699797,35;23950574,41;250777,06;0;0;3;0;0; Balancete Mensal - 01/2025; 01/2025
 1.3.1.15.15.01.002; ; COTAS FUNDO CURTO PRAZO SANTANDER;12584614,59;11900532,68;5020918,09;5705000;13;8;0;0; Balancete Mensal - 01/2025; 01/2025
 1.3.1.15.15.01.003; ; COTAS FUNDO CURTO PRAZO SAFRA;3771625,22;3811325,97;39700,75;0;0;1;0;0; Balancete Mensal - 01/2025; 01/2025
 1.3.1.15.15.01.004; ; COTAS FUNDO SANTANDER - 130078880;770207,79;778424,9;8217,11;0;0;1;0;0; Balancete Mensal - 01/2025; 01/2025
 1.3.1.30.00.00.000; 1.3.1.30.00.00-2; PARTICIPACOES DE COOPERATIVAS;18547,19;18547,19;0;0;0;0;0;0; Balancete Mensal - 01/2025; 01/2025
 1.3.1.30.90.00.000; 1.3.1.30.90.00-5; OUTRAS PARTICIPACOES;18547,19;18547,19;0;0;0;0;0;0; Balancete Mensal - 01/2025; 01/2025
 1.3.1.30.90.01.000; ; OUTRAS PARTICIPACOES;18547,19;18547,19;0;0;0;0;0;0; Balancete Mensal - 01/2025; 01/2025
 1.3.1.30.90.01.001; ; COTAS FNCC;18547,19;18547,19;0;0;0;0;0;0; Balancete Mensal - 01/2025; 01/2025
 1.6.0.00.00.00.000; 1.6.0.00.00.00-7; OPERACOES DE CREDITO;96979253,08;95170829,89;11702612,19;13511035,38;1219;5176;0;0; Balancete Mensal - 01/2025; 01/2025
 1.6.1.00.00.00.000; 1.6.1.00.00.00-4; EMPRESTIMOS E DIREITOS CREDITORIOS;96979253,08;95170829,89;11702612,19;13511035,38;1219;5176;0;0; Balancete Mensal - 01/2025; 01/2025
 1.6.1.20.00.00.000; 1.6.1.20.00.00-2; EMPRESTIMOS;96979253,08;95170829,89;11702612,19;13511035,38;1219;5176;0;0; Balancete Mensal - 01/2025; 01/2025
 1.6.1.20.01.00.000; 1.6.1.20.01.00-1; EMPRESTIMOS;96979253,08;95170829,89;11702612,19;13511035,38;1219;5176;0;0; Balancete Mensal - 01/2025; 01/2025
 1.6.1.20.01.10.000; 1.6.1.20.01.10-4; SALDO CONTRATUAL;96979253,08;99374377,24;11199842,37;8804718,21;1215;5174;0;0; Balancete Mensal - 01/2025; 01/2025
 1.6.1.20.01.10.001; ; EMPRESTIMO - OUTROS;97075397,62;99470468,33;11159831,32;8764760,61;1098;5047;0;0; Balancete Mensal - 01/2025; 01/2025
 1.6.1.20.01.10.002; ; (-) RENDAS A PROPRIAR EMPRESTIMOS;-96144,54;-96091,09;40011,05;39957,6;117;127;0;0; Balancete Mensal - 01/2025; 01/2025
 1.6.1.20.01.40.000; 1.6.1.20.01.40-3; (-) PERDA INCORRIDA ASSOCIADA AO RI;0;-1326659,03;0;1326659,03;2;0;0;0; Balancete Mensal - 01/2025; 01/2025
 1.6.1.20.01.40.001; ; (-) PERDA INCORRIDA;0;-1326659,03;0;1326659,03;2;0;0;0; Balancete Mensal - 01/2025; 01/2025
 1.6.1.20.01.50.000; 1.6.1.20.01.50-6; (-) PROVISAO ADICIONAL;0;-1285736,73;435003,32;1720740,05;1;1;0;0; Balancete Mensal - 01/2025; 01/2025
 1.6.1.20.01.50.001; ; (-) PROVISAO ADICIONAL;0;-1285736,73;435003,32;1720740,05;1;1;0;0; Balancete Mensal - 01/2025; 01/2025
 1.6.1.20.01.60.000; 1.6.1.20.01.60-9; (-) PERDA ESPERADA ASSOCIADA AO RIS;0;-1591151,59;67766,5;1658918,09;1;1;0;0; Balancete Mensal - 01/2025; 01/2025
 1.6.1.20.01.60.001; ; (-) PERDA ESPERADA;0;-1591151,59;67766,5;1658918,09;1;1;0;0; Balancete Mensal - 01/2025; 01/2025
 1.8.0.00.00.00.000; 1.8.0.00.00.00-3; OUTROS CREDITOS;76059,33;92221,94;4706311,5;4690148,89;51;259;0;0; Balancete Mensal - 01/2025; 01/2025
 1.8.8.00.00.00.000; 1.8.8.00.00.00-9; DIVERSOS;76059,33;92221,94;4706311,5;4690148,89;51;259;0;0; Balancete Mensal - 01/2025; 01/2025
 1.8.8.03.00.00.000; 1.8.8.03.00.00-8; ADIANTAMENTOS E ANTECIPACOES SALARI;23015,17;33162,21;118378,73;108231,69;5;14;0;0; Balancete Mensal - 01/2025; 01/2025
 1.8.8.03.01.00.000; ; ADIANTAMENTOS E ANTECIPACOES SALARI;23015,17;33162,21;118378,73;108231,69;5;14;0;0; Balancete Mensal - 01/2025; 01/2025
 1.8.8.03.01.01.000; ; ADIANTAMENTOS E ANTECIPACOES SALARI;23015,17;33162,21;118378,73;108231,69;5;14;0;0; Balancete Mensal - 01/2025; 01/2025
 1.8.8.03.01.01.001; ; ADIANTAMENTOS A FUNCIONARIOS;6565,4;6174,1;61332,94;61724,24;3;2;0;0; Balancete Mensal - 01/2025; 01/2025
 1.8.8.03.01.01.002; ; ADIANTAMENTO FERIAS FUNCIONARIOS;16449,77;26988,11;57045,79;46507,45;2;12;0;0; Balancete Mensal - 01/2025; 01/2025
 1.8.8.05.00.00.000; 1.8.8.05.00.00-4; ADIANTAMENTOS PARA PAGAMENTOS POR C;0;2640,09;4567524,41;4564884,32;40;231;0;0; Balancete Mensal - 01/2025; 01/2025
 1.8.8.05.01.00.000; ; ADIANTAMENTOS PARA PAGAMENTOS POR C;0;2640,09;4567524,41;4564884,32;40;231;0;0; Balancete Mensal - 01/2025; 01/2025
 1.8.8.05.01.03.000; ; PENDENCIAS ATIVAS A REGUL C/ASSOC;0;2640,09;193118,97;190478,88;14;54;0;0; Balancete Mensal - 01/2025; 01/2025
 1.8.8.05.01.03.001; ; PENDENC ATIVAS A REGUL C/ASSOCIADOS;0;2640,09;193118,97;190478,88;14;54;0;0; Balancete Mensal - 01/2025; 01/2025
 1.8.8.10.00.00.000; 1.8.8.10.00.00-8; ADIANTAMENTOS POR CONTA DE IMOBILIZ;41040;41040;0;0;0;0;0;0; Balancete Mensal - 01/2025; 01/2025
 1.8.8.10.01.00.000; ; ADIANTAMENTOS POR CONTA DE IMOBILIZ;41040;41040;0;0;0;0;0;0; Balancete Mensal - 01/2025; 01/2025
 1.8.8.10.01.01.000; ; ADIANTAMENTOS POR CONTA DE IMOBILIZ;41040;41040;0;0;0;0;0;0; Balancete Mensal - 01/2025; 01/2025
 1.8.8.10.01.01.001; ; ADIANTAMENTO P/C DE IMOBILIZACOES;41040;41040;0;0;0;0;0;0; Balancete Mensal - 01/2025; 01/2025
 1.8.8.45.00.00.000; 1.8.8.45.00.00-0; IMPOSTOS E CONTRIBUICOES A COMPENSA;12004,16;13083,64;1079,48;0;0;6;0;0; Balancete Mensal - 01/2025; 01/2025
 1.8.8.45.10.00.000; 1.8.8.45.10.00-7; ANTECIPACOES DE IRPJ NAO COMPENSADA;6002,08;6541,82;539,74;0;0;3;0;0; Balancete Mensal - 01/2025; 01/2025
 1.8.8.45.10.01.000; ; ANTECIPACOES DE IRPJ NAO COMPENSADA;6002,08;6541,82;539,74;0;0;3;0;0; Balancete Mensal - 01/2025; 01/2025
 1.8.8.45.10.01.001; ; IRPJ ANTECIPADO A COMPENSAR;6002,08;6541,82;539,74;0;0;3;0;0; Balancete Mensal - 01/2025; 01/2025
 1.8.8.45.20.00.000; 1.8.8.45.20.00-4; ANTECIPACOES DE CSLL NAO COMPENSADA;6002,08;6541,82;539,74;0;0;3;0;0; Balancete Mensal - 01/2025; 01/2025
 1.8.8.45.20.01.000; ; ANTECIPACOES DE CSLL NAO COMPENSADA;6002,08;6541,82;539,74;0;0;3;0;0; Balancete Mensal - 01/2025; 01/2025
 1.8.8.45.20.01.001; ; CSLL  ANTECIPADO A COMPESAR;6002,08;6541,82;539,74;0;0;3;0;0; Balancete Mensal - 01/2025; 01/2025
 1.8.8.80.00.00.000; 1.8.8.80.00.00-1; TITULOS E CREDITOS A RECEBER, SEM C;0;2296;19328,88;17032,88;6;8;0;0; Balancete Mensal - 01/2025; 01/2025
 1.8.8.80.01.00.000; ; TITULOS E CREDITOS A RECEBER, SEM C;0;2296;19328,88;17032,88;6;8;0;0; Balancete Mensal - 01/2025; 01/2025
 1.8.8.80.01.01.000; ; TITULOS E CREDITOS A RECEBER, SEM C;0;2296;19328,88;17032,88;6;8;0;0; Balancete Mensal - 01/2025; 01/2025
 1.8.8.80.01.01.001; ; PROMOÇÃO CINEMA E TEATRO;0;2296;7908;5612;3;3;0;0; Balancete Mensal - 01/2025; 01/2025
 1.9.0.00.00.00.000; 1.9.0.00.00.00-6; OUTROS VALORES E BENS;9499,27;181661,89;188677,34;16514,72;4;3;0;0; Balancete Mensal - 01/2025; 01/2025
 1.9.9.00.00.00.000; 1.9.9.00.00.00-9; DESPESAS PAGAS ANTECIPADAMENTE;9499,27;181661,89;188677,34;16514,72;4;3;0;0; Balancete Mensal - 01/2025; 01/2025
 1.9.9.10.00.00.000; 1.9.9.10.00.00-8; DESPESAS PAGAS ANTECIPADAMENTE;9499,27;181661,89;188677,34;16514,72;4;3;0;0; Balancete Mensal - 01/2025; 01/2025
 1.9.9.10.01.00.000; ; DESPESAS PAGAS ANTECIPADAMENTE;9499,27;181661,89;188677,34;16514,72;4;3;0;0; Balancete Mensal - 01/2025; 01/2025
 1.9.9.10.01.01.000; ; DESPESAS PAGAS ANTECIPADAMENTE;9499,27;181661,89;188677,34;16514,72;4;3;0;0; Balancete Mensal - 01/2025; 01/2025
 1.9.9.10.01.01.001; ; DESPESAS ANTECIPADAS;9499,27;65118,3;61538,88;5919,85;3;2;0;0; Balancete Mensal - 01/2025; 01/2025
 1.9.9.10.01.01.002; ; DESPESA ANTECIPADA - OCESP;0;116543,59;127138,46;10594,87;1;1;0;0; Balancete Mensal - 01/2025; 01/2025
 2.0.0.00.00.00.000; 2.0.0.00.00.00-8; ATIVO PERMANENTE;13636188,94;13570291,19;0;65897,75;20;0;0;0; Balancete Mensal - 01/2025; 01/2025
 2.2.0.00.00.00.000; 2.2.0.00.00.00-4; IMOBILIZADO DE USO;12837439,23;12781513,29;0;55925,94;16;0;0;0; Balancete Mensal - 01/2025; 01/2025
 2.2.5.00.00.00.000; 2.2.5.00.00.00-9; ATIVO IMOBILIZADO DE USO;12837439,23;12781513,29;0;55925,94;16;0;0;0; Balancete Mensal - 01/2025; 01/2025
 2.2.5.20.00.00.000; 2.2.5.20.00.00-7; INSTALACOES;1101078,68;1101078,68;0;0;0;0;0;0; Balancete Mensal - 01/2025; 01/2025
 2.2.5.20.01.00.000; ; INSTALACOES;1101078,68;1101078,68;0;0;0;0;0;0; Balancete Mensal - 01/2025; 01/2025
 2.2.5.20.01.01.000; ; INSTALACOES;1101078,68;1101078,68;0;0;0;0;0;0; Balancete Mensal - 01/2025; 01/2025
 2.2.5.20.01.01.001; ; INSTALAÇÕES;336506,63;336506,63;0;0;0;0;0;0; Balancete Mensal - 01/2025; 01/2025
 2.2.5.20.01.01.002; ; INSTALAÇÕES - PROJ SEDE;764572,05;764572,05;0;0;0;0;0;0; Balancete Mensal - 01/2025; 01/2025
 2.2.5.30.00.00.000; 2.2.5.30.00.00-6; MOVEIS E EQUIPAMENTOS;1531989,04;1531989,04;0;0;0;0;0;0; Balancete Mensal - 01/2025; 01/2025
 2.2.5.30.10.00.000; 2.2.5.30.10.00-3; MOBILIARIO;536012,62;536012,62;0;0;0;0;0;0; Balancete Mensal - 01/2025; 01/2025
 2.2.5.30.10.01.000; ; MOBILIARIO;536012,62;536012,62;0;0;0;0;0;0; Balancete Mensal - 01/2025; 01/2025
 2.2.5.30.10.01.001; ; MOVEIS;66160,57;66160,57;0;0;0;0;0;0; Balancete Mensal - 01/2025; 01/2025
 2.2.5.30.10.01.002; ; MOVEIS - PROJ SEDE;469852,05;469852,05;0;0;0;0;0;0; Balancete Mensal - 01/2025; 01/2025
 2.2.5.30.20.00.000; 2.2.5.30.20.00-0; EQUIPAMENTOS DE PROCESSAMENTO DE DA;494744,13;494744,13;0;0;0;0;0;0; Balancete Mensal - 01/2025; 01/2025
 2.2.5.30.20.01.000; ; EQUIPAMENTOS DE PROCESSAMENTO DE DA;494744,13;494744,13;0;0;0;0;0;0; Balancete Mensal - 01/2025; 01/2025
 2.2.5.30.20.01.001; ; SIST EQUIPTO HARDWARE ADQ ATÉ 2019;224687,28;224687,28;0;0;0;0;0;0; Balancete Mensal - 01/2025; 01/2025
 2.2.5.30.20.01.002; ; EQUIPTOS DE PROCESSAMENTO DE DADOS;194117,13;194117,13;0;0;0;0;0;0; Balancete Mensal - 01/2025; 01/2025
 2.2.5.30.20.01.003; ; EQUIPTOS DE PROC.DADOS - PROJ SEDE;75939,72;75939,72;0;0;0;0;0;0; Balancete Mensal - 01/2025; 01/2025
 2.2.5.30.30.00.000; 2.2.5.30.30.00-7; EQUIPAMENTOS DE COMUNICACAO E DE SE;177646,46;177646,46;0;0;0;0;0;0; Balancete Mensal - 01/2025; 01/2025
 2.2.5.30.30.01.000; ; EQUIPAMENTOS DE COMUNICACAO E DE SE;177646,46;177646,46;0;0;0;0;0;0; Balancete Mensal - 01/2025; 01/2025
 2.2.5.30.30.01.001; ; EQUIPTOS DE COMUNICAÇÃO E SEGURANÇA;23554;23554;0;0;0;0;0;0; Balancete Mensal - 01/2025; 01/2025
 2.2.5.30.30.01.002; ; EQUIPTOS DE COM E SEG - PROJ SEDE;154092,46;154092,46;0;0;0;0;0;0; Balancete Mensal - 01/2025; 01/2025
 2.2.5.30.90.00.000; 2.2.5.30.90.00-9; OUTROS EQUIPAMENTOS;323585,83;323585,83;0;0;0;0;0;0; Balancete Mensal - 01/2025; 01/2025
 2.2.5.30.90.01.000; ; OUTROS EQUIPAMENTOS;323585,83;323585,83;0;0;0;0;0;0; Balancete Mensal - 01/2025; 01/2025
 2.2.5.30.90.01.001; ; OUTROS EQUIPAMENTOS;6780;6780;0;0;0;0;0;0; Balancete Mensal - 01/2025; 01/2025
 2.2.5.30.90.01.002; ; OUTROS EQUIPAMENTOS - PROJ SEDE;316805,83;316805,83;0;0;0;0;0;0; Balancete Mensal - 01/2025; 01/2025
 2.2.5.60.00.00.000; 2.2.5.60.00.00-3; IMOVEIS;13329647,2;13329647,2;0;0;0;0;0;0; Balancete Mensal - 01/2025; 01/2025
 2.2.5.60.10.00.000; 2.2.5.60.10.00-0; TERRENOS;1183371,12;1183371,12;0;0;0;0;0;0; Balancete Mensal - 01/2025; 01/2025
 2.2.5.60.10.01.000; ; TERRENOS;1183371,12;1183371,12;0;0;0;0;0;0; Balancete Mensal - 01/2025; 01/2025
 2.2.5.60.10.01.001; ; TERRENOS;1183371,12;1183371,12;0;0;0;0;0;0; Balancete Mensal - 01/2025; 01/2025
 2.2.5.60.20.00.000; 2.2.5.60.20.00-7; EDIFICACOES;12146276,08;12146276,08;0;0;0;0;0;0; Balancete Mensal - 01/2025; 01/2025
 2.2.5.60.20.01.000; ; EDIFICACOES;12146276,08;12146276,08;0;0;0;0;0;0; Balancete Mensal - 01/2025; 01/2025
 2.2.5.60.20.01.001; ; EDIFICAÇÕES;8953339,45;8953339,45;0;0;0;0;0;0; Balancete Mensal - 01/2025; 01/2025
 2.2.5.60.20.01.002; ; BENFEITORIAS - PROJETO SEDE;2966026,01;2966026,01;0;0;0;0;0;0; Balancete Mensal - 01/2025; 01/2025
 2.2.5.60.20.01.003; ; EDIFICAÇÕES - ESTACIONAMENTO;226910,62;226910,62;0;0;0;0;0;0; Balancete Mensal - 01/2025; 01/2025
 2.2.5.90.00.00.000; 2.2.5.90.00.00-0; OUTROS IMOBILIZADOS DE USO;93166,31;93166,31;0;0;0;0;0;0; Balancete Mensal - 01/2025; 01/2025
 2.2.5.90.01.00.000; ; OUTROS IMOBILIZADOS DE USO;93166,31;93166,31;0;0;0;0;0;0; Balancete Mensal - 01/2025; 01/2025
 2.2.5.90.01.01.000; ; OUTROS IMOBILIZADOS DE USO;93166,31;93166,31;0;0;0;0;0;0; Balancete Mensal - 01/2025; 01/2025
 2.2.5.90.01.01.001; ; OUTROS IMOBILIZADO USO - PROJ SEDE;93166,31;93166,31;0;0;0;0;0;0; Balancete Mensal - 01/2025; 01/2025
 2.2.5.99.00.00.000; 2.2.5.99.00.00-7; (-) DEPRECIACAO ACUMULADA DE ATIVO;-3218442;-3274367,94;0;55925,94;16;0;0;0; Balancete Mensal - 01/2025; 01/2025
 2.2.5.99.20.00.000; 2.2.5.99.20.00-1; (-) INSTALACOES;-354394,34;-361964,31;0;7569,97;2;0;0;0; Balancete Mensal - 01/2025; 01/2025
 2.2.5.99.20.01.000; ; (-) INSTALACOES;-354394,34;-361964,31;0;7569,97;2;0;0;0; Balancete Mensal - 01/2025; 01/2025
 2.2.5.99.20.01.001; ; (-) DEPREC INSTALACOES;-354394,34;-361964,31;0;7569,97;2;0;0;0; Balancete Mensal - 01/2025; 01/2025
 2.2.5.99.30.00.000; 2.2.5.99.30.00-8; (-) MOVEIS E EQUIPAMENTOS;-896404,73;-909900,37;0;13495,64;10;0;0;0; Balancete Mensal - 01/2025; 01/2025
 2.2.5.99.30.01.000; ; (-) MOVEIS E EQUIPAMENTOS;-896404,73;-909900,37;0;13495,64;10;0;0;0; Balancete Mensal - 01/2025; 01/2025
 2.2.5.99.30.01.001; ; (-) DEPREC MOVEIS ADQ ATÉ 2019;-60060,69;-60211,68;0;150,99;1;0;0;0; Balancete Mensal - 01/2025; 01/2025
 2.2.5.99.30.01.002; ; (-) DEPREC SIST PROC DADOS ATE 2019;-392932,53;-396853,27;0;3920,74;3;0;0;0; Balancete Mensal - 01/2025; 01/2025
 2.2.5.99.30.01.003; ; (-) DEPREC MOVEIS;-189938,59;-193854,84;0;3916,25;1;0;0;0; Balancete Mensal - 01/2025; 01/2025
 2.2.5.99.30.01.004; ; (-) DEPREC EQUIPAMENTOS;-253472,92;-258980,58;0;5507,66;5;0;0;0; Balancete Mensal - 01/2025; 01/2025
 2.2.5.99.60.00.000; 2.2.5.99.60.00-9; (-) IMOVEIS - EDIFICACOES;-1931091,37;-1965165,69;0;34074,32;3;0;0;0; Balancete Mensal - 01/2025; 01/2025
 2.2.5.99.60.01.000; ; (-) IMOVEIS - EDIFICACOES;-1931091,37;-1965165,69;0;34074,32;3;0;0;0; Balancete Mensal - 01/2025; 01/2025
 2.2.5.99.60.01.001; ; (-) DEPREC IMOVEIS - EDIFICACOES;-722489,88;-731090,95;0;8601,07;1;0;0;0; Balancete Mensal - 01/2025; 01/2025
 2.2.5.99.60.01.002; ; (-) DEPREC BENFEITORIAS PROJ SEDE;-1198768,68;-1223485,56;0;24716,88;1;0;0;0; Balancete Mensal - 01/2025; 01/2025
 2.2.5.99.60.01.003; ; (-)DEPREC EDIFICAÇÃO-ESTACIONAMENTO;-9832,81;-10589,18;0;756,37;1;0;0;0; Balancete Mensal - 01/2025; 01/2025
 2.2.5.99.90.00.000; 2.2.5.99.90.00-0; (-) OUTROS IMOBILIZADOS EM USO;-36551,56;-37337,57;0;786,01;1;0;0;0; Balancete Mensal - 01/2025; 01/2025
 2.2.5.99.90.01.000; ; (-) OUTROS IMOBILIZADOS EM USO;-36551,56;-37337,57;0;786,01;1;0;0;0; Balancete Mensal - 01/2025; 01/2025
 2.2.5.99.90.01.001; ; (-) DEPREC OUTROS IMOBILIZADOS USO;-36551,56;-37337,57;0;786,01;1;0;0;0; Balancete Mensal - 01/2025; 01/2025
 2.5.0.00.00.00.000; 2.5.0.00.00.00-3; INTANGIVEL;798749,71;788777,9;0;9971,81;4;0;0;0; Balancete Mensal - 01/2025; 01/2025
 2.5.1.00.00.00.000; 2.5.1.00.00.00-0; ATIVOS INTANGIVEIS;798749,71;788777,9;0;9971,81;4;0;0;0; Balancete Mensal - 01/2025; 01/2025
 2.5.1.30.00.00.000; 2.5.1.30.00.00-7; MARCAS;6120;6120;0;0;0;0;0;0; Balancete Mensal - 01/2025; 01/2025
 2.5.1.30.01.00.000; ; MARCAS;6120;6120;0;0;0;0;0;0; Balancete Mensal - 01/2025; 01/2025
 2.5.1.30.01.01.000; ; MARCAS;6120;6120;0;0;0;0;0;0; Balancete Mensal - 01/2025; 01/2025
 2.5.1.30.01.01.001; ; MARCAS;6120;6120;0;0;0;0;0;0; Balancete Mensal - 01/2025; 01/2025
 2.5.1.35.00.00.000; 2.5.1.35.00.00-2; LICENCAS E DIREITOS AUTORAIS E DE U;167859,32;167859,32;0;0;0;0;0;0; Balancete Mensal - 01/2025; 01/2025
 2.5.1.35.01.00.000; ; LICENCAS E DIREITOS AUTORAIS E DE U;167859,32;167859,32;0;0;0;0;0;0; Balancete Mensal - 01/2025; 01/2025
 2.5.1.35.01.01.000; ; LICENCAS E DIREITOS AUTORAIS E DE U;167859,32;167859,32;0;0;0;0;0;0; Balancete Mensal - 01/2025; 01/2025
 2.5.1.35.01.01.001; ; LICENCAS E DIREITOS AUTORAIS DE USO;162759,32;162759,32;0;0;0;0;0;0; Balancete Mensal - 01/2025; 01/2025
 2.5.1.35.01.01.002; ; LICENCAS E DIRETO AUT USO-PROJ SEDE;5100;5100;0;0;0;0;0;0; Balancete Mensal - 01/2025; 01/2025
 2.5.1.90.00.00.000; 2.5.1.90.00.00-1; OUTROS ATIVOS INTANGIVEIS;982664;982664;0;0;0;0;0;0; Balancete Mensal - 01/2025; 01/2025
 2.5.1.90.01.00.000; ; OUTROS ATIVOS INTANGIVEIS;982664;982664;0;0;0;0;0;0; Balancete Mensal - 01/2025; 01/2025
 2.5.1.90.01.01.000; ; OUTROS ATIVOS INTANGIVEIS;982664;982664;0;0;0;0;0;0; Balancete Mensal - 01/2025; 01/2025
 2.5.1.90.01.01.001; ; OUTROS ATIVOS INTANGIVEIS;982664;982664;0;0;0;0;0;0; Balancete Mensal - 01/2025; 01/2025
 2.5.1.99.00.00.000; 2.5.1.99.00.00-8; (-) AMORTIZACAO ACUMULADA DE ATIVOS;-357893,61;-367865,42;0;9971,81;4;0;0;0; Balancete Mensal - 01/2025; 01/2025
 2.5.1.99.30.00.000; 2.5.1.99.30.00-9; (-) MARCAS;-2499;-2550;0;51;1;0;0;0; Balancete Mensal - 01/2025; 01/2025
 2.5.1.99.30.01.000; ; (-) MARCAS;-2499;-2550;0;51;1;0;0;0; Balancete Mensal - 01/2025; 01/2025
 2.5.1.99.30.01.001; ; (-) MARCAS;-2499;-2550;0;51;1;0;0;0; Balancete Mensal - 01/2025; 01/2025
 2.5.1.99.35.00.000; 2.5.1.99.35.00-4; (-) LICENCAS E DIREITOS AUTORAIS E;-93513,33;-95245,27;0;1731,94;2;0;0;0; Balancete Mensal - 01/2025; 01/2025
 2.5.1.99.35.01.000; ; (-) LICENCAS E DIREITOS AUTORAIS E;-93513,33;-95245,27;0;1731,94;2;0;0;0; Balancete Mensal - 01/2025; 01/2025
 2.5.1.99.35.01.001; ; (-) LICENCAS E DIRETOS AUT DE USO;-93513,33;-95245,27;0;1731,94;2;0;0;0; Balancete Mensal - 01/2025; 01/2025
 2.5.1.99.90.00.000; 2.5.1.99.90.00-1; (-) OUTROS;-261881,28;-270070,15;0;8188,87;1;0;0;0; Balancete Mensal - 01/2025; 01/2025
 2.5.1.99.90.01.000; ; (-) OUTROS;-261881,28;-270070,15;0;8188,87;1;0;0;0; Balancete Mensal - 01/2025; 01/2025
 2.5.1.99.90.01.001; ; (-) OUTROS;-261881,28;-270070,15;0;8188,87;1;0;0;0; Balancete Mensal - 01/2025; 01/2025
 3.0.0.00.00.00.000; 3.0.0.00.00.00-7; COMPENSACAO ATIVA;16321938,35;503242220,8;488914055,4;1993772,96;47;77;0;0; Balancete Mensal - 01/2025; 01/2025
 3.0.9.00.00.00.000; 3.0.9.00.00.00-0; CONTROLE;11142018,47;12040551,16;1139324,03;240791,34;13;29;0;0; Balancete Mensal - 01/2025; 01/2025
 3.0.9.10.00.00.000; 3.0.9.10.00.00-9; AVAIS, FIANCAS E OUTRAS GARANTIAS R;10654612,95;11558509,09;1123821,3;219925,16;9;26;0;0; Balancete Mensal - 01/2025; 01/2025
 3.0.9.10.01.00.000; ; AVAIS, FIANCAS E OUTRAS GARANTIAS R;10654612,95;11558509,09;1123821,3;219925,16;9;26;0;0; Balancete Mensal - 01/2025; 01/2025
 3.0.9.10.01.01.000; ; AVAIS, FIANCAS E OUTRAS GARANTIAS R;10654612,95;11558509,09;1123821,3;219925,16;9;26;0;0; Balancete Mensal - 01/2025; 01/2025
 3.0.9.10.01.01.001; ; AVAIS,FIANÇAS E OUTRAS GARANT RECEB;10654612,95;11558509,09;1123821,3;219925,16;9;26;0;0; Balancete Mensal - 01/2025; 01/2025
 3.0.9.16.00.00.000; 3.0.9.16.00.00-7; OPERACOES COM PARTES RELACIONADAS;487405,52;476972,43;10433,09;20866,18;4;2;0;0; Balancete Mensal - 01/2025; 01/2025
 3.0.9.16.10.00.000; 3.0.9.16.10.00-4; PESSOA NATURAL - MAIOR OPERACAO;348143,66;343328,14;4815,52;9631,04;2;1;0;0; Balancete Mensal - 01/2025; 01/2025
 3.0.9.16.10.01.000; ; PESSOA NATURAL - MAIOR OPERACAO;348143,66;343328,14;4815,52;9631,04;2;1;0;0; Balancete Mensal - 01/2025; 01/2025
 3.0.9.16.10.01.001; ; PESSOA NATURAL - MAIOR OPERAÇÃO;348143,66;343328,14;4815,52;9631,04;2;1;0;0; Balancete Mensal - 01/2025; 01/2025
 3.0.9.16.20.00.000; 3.0.9.16.20.00-1; PESSOA NATURAL - DEMAIS OPERACOES;139261,86;133644,29;5617,57;11235,14;2;1;0;0; Balancete Mensal - 01/2025; 01/2025
 3.0.9.16.20.01.000; ; PESSOA NATURAL - DEMAIS OPERACOES;139261,86;133644,29;5617,57;11235,14;2;1;0;0; Balancete Mensal - 01/2025; 01/2025
 3.0.9.16.20.01.001; ; PESSOA NATURAL - DEMAIS OPERAÇÕES;139261,86;133644,29;5617,57;11235,14;2;1;0;0; Balancete Mensal - 01/2025; 01/2025
 3.0.9.90.00.00.000; ; AJUSTES NEGATIVOS DE PERDA ESPERADA;0;5069,64;5069,64;0;0;1;0;0; Balancete Mensal - 01/2025; 01/2025
 3.0.9.90.01.00.000; ; AJUSTES NEGATIVOS DE PERDA ESPERADA;0;5069,64;5069,64;0;0;1;0;0; Balancete Mensal - 01/2025; 01/2025
 3.0.9.90.01.01.000; ; AJUSTES NEGATIVOS DE PERDA ESPERADA;0;5069,64;5069,64;0;0;1;0;0; Balancete Mensal - 01/2025; 01/2025
 3.0.9.90.01.01.001; ; AJUSTES NEGATIVOS DE PERDA ESPERADA;0;5069,64;5069,64;0;0;1;0;0; Balancete Mensal - 01/2025; 01/2025
 3.2.0.00.00.00.000; 3.2.0.00.00.00-3; INSTRUMENTOS FINANCEIROS - CLASSIFI;0;198748754,5;198748754,5;0;0;6;0;0; Balancete Mensal - 01/2025; 01/2025
 3.2.1.00.00.00.000; 3.2.1.00.00.00-0; INSTRUMENTOS FINANCEIROS - CLASSIFI;0;99374377,24;99374377,24;0;0;2;0;0; Balancete Mensal - 01/2025; 01/2025
 3.2.1.10.00.00.000; 3.2.1.10.00.00-9; ATIVOS FINANCEIROS - CUSTO AMORTIZA;0;99374377,24;99374377,24;0;0;2;0;0; Balancete Mensal - 01/2025; 01/2025
 3.2.1.10.16.00.000; 3.2.1.10.16.00-0; OPERACOES DE CREDITO;0;99374377,24;99374377,24;0;0;2;0;0; Balancete Mensal - 01/2025; 01/2025
 3.2.1.10.16.10.000; 3.2.1.10.16.10-3; EMPRESTIMOS E DIREITOS CREDITORIOS;0;99374377,24;99374377,24;0;0;2;0;0; Balancete Mensal - 01/2025; 01/2025
 3.2.1.10.16.10.002; ; EMPRESTIMOS E DIREITOS CREDITORIOS;0;99374377,24;99374377,24;0;0;2;0;0; Balancete Mensal - 01/2025; 01/2025
 3.2.6.00.00.00.000; 3.2.6.00.00.00-5; COMPOSICAO DE CARTEIRAS DE OPERACOE;0;99374377,24;99374377,24;0;0;4;0;0; Balancete Mensal - 01/2025; 01/2025
 3.2.6.10.00.00.000; 3.2.6.10.00.00-4; EMPRESTIMOS E DIREITOS CREDITORIOS;0;99374377,24;99374377,24;0;0;4;0;0; Balancete Mensal - 01/2025; 01/2025
 3.2.6.10.20.00.000; 3.2.6.10.20.00-8; EMPRESTIMOS;0;99374377,24;99374377,24;0;0;4;0;0; Balancete Mensal - 01/2025; 01/2025
 3.2.6.10.20.10.000; 3.2.6.10.20.10-1; CREDITO PESSOAL;0;8604155,34;8604155,34;0;0;2;0;0; Balancete Mensal - 01/2025; 01/2025
 3.2.6.10.20.10.001; ; CREDITO PESSOAL;0;8604155,34;8604155,34;0;0;2;0;0; Balancete Mensal - 01/2025; 01/2025
 3.2.6.10.20.15.000; 3.2.6.10.20.15-6; CREDITO PESSOAL - CONSIGNADO;0;90770221,9;90770221,9;0;0;2;0;0; Balancete Mensal - 01/2025; 01/2025
 3.2.6.10.20.15.001; ; CREDITO PESSOAL - CONSIGNADO;0;90770221,9;90770221,9;0;0;2;0;0; Balancete Mensal - 01/2025; 01/2025
 3.3.0.00.00.00.000; 3.3.0.00.00.00-6; INSTRUMENTOS FINANCEIROS E ARRENDAM;5179919,88;292452915,1;289025976,9;1752981,62;34;42;0;0; Balancete Mensal - 01/2025; 01/2025
 3.3.1.00.00.00.000; 3.3.1.00.00.00-3; ATIVOS FINANCEIROS - CLASSIFICACAO;0;99374377,24;99666746,29;292369,05;1;3;0;0; Balancete Mensal - 01/2025; 01/2025
 3.3.1.40.00.00.000; 3.3.1.40.00.00-9; METODOLOGIA SIMPLIFICADA - ATIVOS N;0;95967781,11;95967781,11;0;0;2;0;0; Balancete Mensal - 01/2025; 01/2025
 3.3.1.40.16.00.000; 3.3.1.40.16.00-0; OPERACOES DE CREDITO;0;95967781,11;95967781,11;0;0;2;0;0; Balancete Mensal - 01/2025; 01/2025
 3.3.1.40.16.10.000; 3.3.1.40.16.10-3; EMPRESTIMOS E DIREITOS CREDITORIOS;0;95967781,11;95967781,11;0;0;2;0;0; Balancete Mensal - 01/2025; 01/2025
 3.3.1.40.16.10.002; ; EMPRESTIMOS E DIREITOS CREDITORIOS;0;95967781,11;95967781,11;0;0;2;0;0; Balancete Mensal - 01/2025; 01/2025
 3.3.1.50.00.00.000; 3.3.1.50.00.00-8; METODOLOGIA SIMPLIFICADA - ATIVOS P;0;3406596,13;3698965,18;292369,05;1;1;0;0; Balancete Mensal - 01/2025; 01/2025
 3.3.1.50.16.00.000; 3.3.1.50.16.00-9; OPERACOES DE CREDITO;0;3406596,13;3698965,18;292369,05;1;1;0;0; Balancete Mensal - 01/2025; 01/2025
 3.3.1.50.16.10.000; 3.3.1.50.16.10-2; EMPRESTIMOS E DIREITOS CREDITORIOS;0;3406596,13;3698965,18;292369,05;1;1;0;0; Balancete Mensal - 01/2025; 01/2025
 3.3.1.50.16.10.002; ; EMPRESTIMOS E DIREITOS CREDITORIOS;0;3406596,13;3698965,18;292369,05;1;1;0;0; Balancete Mensal - 01/2025; 01/2025
 3.3.2.00.00.00.000; 3.3.2.00.00.00-0; ATIVOS FINANCEIROS - CLASSIFICACAO;0;99374377,24;100713446,7;1339069,45;12;36;0;0; Balancete Mensal - 01/2025; 01/2025
 3.3.2.20.00.00.000; 3.3.2.20.00.00-8; CARTEIRA C2;0;9223692,25;9273044,27;49352,02;5;12;0;0; Balancete Mensal - 01/2025; 01/2025
 3.3.2.20.10.00.000; 3.3.2.20.10.00-5; NAO PROBLEMATICOS;0;8985247,53;8991716,84;6469,31;1;3;0;0; Balancete Mensal - 01/2025; 01/2025
 3.3.2.20.10.14.000; 3.3.2.20.10.14-6; DE 0 A 14 DIAS DE ATRASO;0;8871956,93;8871956,93;0;0;2;0;0; Balancete Mensal - 01/2025; 01/2025
 3.3.2.20.10.14.001; ; DE 0 A 14 DIAS DE ATRASO;0;8871956,93;8871956,93;0;0;2;0;0; Balancete Mensal - 01/2025; 01/2025
 3.3.2.20.10.30.000; 3.3.2.20.10.30-4; DE 15 A 30 DIAS DE ATRASO;0;113290,6;119759,91;6469,31;1;1;0;0; Balancete Mensal - 01/2025; 01/2025
 3.3.2.20.10.30.001; ; DE 15 A 30 DIAS DE ATRASO;0;113290,6;119759,91;6469,31;1;1;0;0; Balancete Mensal - 01/2025; 01/2025
 3.3.2.20.20.00.000; 3.3.2.20.20.00-2; PROBLEMATICOS ADIMPLIDOS;0;160056,14;160056,14;0;0;2;0;0; Balancete Mensal - 01/2025; 01/2025
 3.3.2.20.20.90.000; 3.3.2.20.20.90-9; DE 0 A 90 DIAS DE ATRASO;0;160056,14;160056,14;0;0;2;0;0; Balancete Mensal - 01/2025; 01/2025
 3.3.2.20.20.90.001; ; DE 0 A 90 DIAS DE ATRASO;0;160056,14;160056,14;0;0;2;0;0; Balancete Mensal - 01/2025; 01/2025
 3.3.2.20.30.00.000; 3.3.2.20.30.00-9; PROBLEMATICOS INADIMPLIDOS;0;78388,58;121271,29;42882,71;4;7;0;0; Balancete Mensal - 01/2025; 01/2025
 3.3.2.20.30.01.000; 3.3.2.20.30.01-6; INADIMPLIDO - PERIODO MENOR QUE UM;0;36900,66;38147,14;1246,48;1;1;0;0; Balancete Mensal - 01/2025; 01/2025
 3.3.2.20.30.01.001; ; INADIMPLIDO - PERIODO MENOR QUE UM;0;36900,66;38147,14;1246,48;1;1;0;0; Balancete Mensal - 01/2025; 01/2025
 3.3.2.20.30.03.000; 3.3.2.20.30.03-0; INADIMPLIDO - PERIODO IGUAL OU MAIO;0;21039;21039;0;0;1;0;0; Balancete Mensal - 01/2025; 01/2025
 3.3.2.20.30.03.001; ; INADIMPLIDO - PERIODO IGUAL OU MAIO;0;21039;21039;0;0;1;0;0; Balancete Mensal - 01/2025; 01/2025
 3.3.2.20.30.06.000; 3.3.2.20.30.06-1; INADIMPLIDO - PERIODO IGUAL OU MAIO;0;9657,35;9657,35;0;0;1;0;0; Balancete Mensal - 01/2025; 01/2025
 3.3.2.20.30.06.001; ; INADIMPLIDO - PERIODO IGUAL OU MAIO;0;9657,35;9657,35;0;0;1;0;0; Balancete Mensal - 01/2025; 01/2025
 3.3.2.20.30.09.000; 3.3.2.20.30.09-2; INADIMPLIDO - PERIODO IGUAL OU MAIO;0;10791,57;10791,57;0;0;1;0;0; Balancete Mensal - 01/2025; 01/2025
 3.3.2.20.30.09.001; ; INADIMPLIDO - PERIODO IGUAL OU MAIO;0;10791,57;10791,57;0;0;1;0;0; Balancete Mensal - 01/2025; 01/2025
 3.3.2.50.00.00.000; 3.3.2.50.00.00-5; CARTEIRA C5;0;90150684,99;91440402,42;1289717,43;7;24;0;0; Balancete Mensal - 01/2025; 01/2025
 3.3.2.50.10.00.000; 3.3.2.50.10.00-2; NAO PROBLEMATICOS;0;86982533,58;87260462,6;277929,02;1;7;0;0; Balancete Mensal - 01/2025; 01/2025
 3.3.2.50.10.14.000; 3.3.2.50.10.14-3; DE 0 A 14 DIAS DE ATRASO;0;85001668,33;85001668,33;0;0;2;0;0; Balancete Mensal - 01/2025; 01/2025
 3.3.2.50.10.14.001; ; DE 0 A 14 DIAS DE ATRASO;0;85001668,33;85001668,33;0;0;2;0;0; Balancete Mensal - 01/2025; 01/2025
 3.3.2.50.10.30.000; 3.3.2.50.10.30-1; DE 15 A 30 DIAS DE ATRASO;0;1123927,15;1123927,15;0;0;2;0;0; Balancete Mensal - 01/2025; 01/2025
 3.3.2.50.10.30.001; ; DE 15 A 30 DIAS DE ATRASO;0;1123927,15;1123927,15;0;0;2;0;0; Balancete Mensal - 01/2025; 01/2025
 3.3.2.50.10.60.000; 3.3.2.50.10.60-0; DE 31 A 60 DIAS DE ATRASO;0;431239,07;709168,09;277929,02;1;1;0;0; Balancete Mensal - 01/2025; 01/2025
 3.3.2.50.10.60.001; ; DE 31 A 60 DIAS DE ATRASO;0;431239,07;709168,09;277929,02;1;1;0;0; Balancete Mensal - 01/2025; 01/2025
 3.3.2.50.10.90.000; 3.3.2.50.10.90-9; DE 61 A 90 DIAS DE ATRASO;0;425699,03;425699,03;0;0;2;0;0; Balancete Mensal - 01/2025; 01/2025
 3.3.2.50.10.90.001; ; DE 61 A 90 DIAS DE ATRASO;0;425699,03;425699,03;0;0;2;0;0; Balancete Mensal - 01/2025; 01/2025
 3.3.2.50.20.00.000; 3.3.2.50.20.00-9; PROBLEMATICOS ADIMPLIDOS;0;1276973,2;1673805,46;396832,26;1;1;0;0; Balancete Mensal - 01/2025; 01/2025
 3.3.2.50.20.90.000; 3.3.2.50.20.90-6; DE 0 A 90 DIAS DE ATRASO;0;1276973,2;1673805,46;396832,26;1;1;0;0; Balancete Mensal - 01/2025; 01/2025
 3.3.2.50.20.90.001; ; DE 0 A 90 DIAS DE ATRASO;0;1276973,2;1673805,46;396832,26;1;1;0;0; Balancete Mensal - 01/2025; 01/2025
 3.3.2.50.30.00.000; 3.3.2.50.30.00-6; PROBLEMATICOS INADIMPLIDOS;0;1891178,21;2506134,36;614956,15;5;16;0;0; Balancete Mensal - 01/2025; 01/2025
 3.3.2.50.30.01.000; 3.3.2.50.30.01-3; INADIMPLIDO - PERIODO MENOR QUE UM;0;292450,39;292450,39;0;0;2;0;0; Balancete Mensal - 01/2025; 01/2025
 3.3.2.50.30.01.001; ; INADIMPLIDO - PERIODO MENOR QUE UM;0;292450,39;292450,39;0;0;2;0;0; Balancete Mensal - 01/2025; 01/2025
 3.3.2.50.30.02.000; 3.3.2.50.30.02-0; INADIMPLIDO - PERIODO IGUAL OU MAIO;0;155478,58;169880,21;14401,63;1;1;0;0; Balancete Mensal - 01/2025; 01/2025
 3.3.2.50.30.02.001; ; INADIMPLIDO - PERIODO IGUAL OU MAIO;0;155478,58;169880,21;14401,63;1;1;0;0; Balancete Mensal - 01/2025; 01/2025
 3.3.2.50.30.03.000; 3.3.2.50.30.03-7; INADIMPLIDO - PERIODO IGUAL OU MAIO;0;139129,83;290087,85;150958,02;1;1;0;0; Balancete Mensal - 01/2025; 01/2025
 3.3.2.50.30.03.001; ; INADIMPLIDO - PERIODO IGUAL OU MAIO;0;139129,83;290087,85;150958,02;1;1;0;0; Balancete Mensal - 01/2025; 01/2025
 3.3.2.50.30.04.000; 3.3.2.50.30.04-4; INADIMPLIDO - PERIODO IGUAL OU MAIO;0;265564,28;265564,28;0;0;2;0;0; Balancete Mensal - 01/2025; 01/2025
 3.3.2.50.30.04.001; ; INADIMPLIDO - PERIODO IGUAL OU MAIO;0;265564,28;265564,28;0;0;2;0;0; Balancete Mensal - 01/2025; 01/2025
 3.3.2.50.30.05.000; 3.3.2.50.30.05-1; INADIMPLIDO - PERIODO IGUAL OU MAIO;0;37659,77;287849,18;250189,41;1;1;0;0; Balancete Mensal - 01/2025; 01/2025
 3.3.2.50.30.05.001; ; INADIMPLIDO - PERIODO IGUAL OU MAIO;0;37659,77;287849,18;250189,41;1;1;0;0; Balancete Mensal - 01/2025; 01/2025
 3.3.2.50.30.06.000; 3.3.2.50.30.06-8; INADIMPLIDO - PERIODO IGUAL OU MAIO;0;208659,51;208659,51;0;0;2;0;0; Balancete Mensal - 01/2025; 01/2025
 3.3.2.50.30.06.001; ; INADIMPLIDO - PERIODO IGUAL OU MAIO;0;208659,51;208659,51;0;0;2;0;0; Balancete Mensal - 01/2025; 01/2025
 3.3.2.50.30.07.000; 3.3.2.50.30.07-5; INADIMPLIDO - PERIODO IGUAL OU MAIO;0;116053,61;278935,17;162881,56;1;1;0;0; Balancete Mensal - 01/2025; 01/2025
 3.3.2.50.30.07.001; ; INADIMPLIDO - PERIODO IGUAL OU MAIO;0;116053,61;278935,17;162881,56;1;1;0;0; Balancete Mensal - 01/2025; 01/2025
 3.3.2.50.30.08.000; 3.3.2.50.30.08-2; INADIMPLIDO - PERIODO IGUAL OU MAIO;0;278259,71;314785,24;36525,53;1;1;0;0; Balancete Mensal - 01/2025; 01/2025
 3.3.2.50.30.08.001; ; INADIMPLIDO - PERIODO IGUAL OU MAIO;0;278259,71;314785,24;36525,53;1;1;0;0; Balancete Mensal - 01/2025; 01/2025
 3.3.2.50.30.09.000; 3.3.2.50.30.09-9; INADIMPLIDO - PERIODO IGUAL OU MAIO;0;314369,77;314369,77;0;0;2;0;0; Balancete Mensal - 01/2025; 01/2025
 3.3.2.50.30.09.001; ; INADIMPLIDO - PERIODO IGUAL OU MAIO;0;314369,77;314369,77;0;0;2;0;0; Balancete Mensal - 01/2025; 01/2025
 3.3.2.50.30.10.000; 3.3.2.50.30.10-9; INADIMPLIDO - PERIODO IGUAL OU MAIO;0;48981,73;48981,73;0;0;2;0;0; Balancete Mensal - 01/2025; 01/2025
 3.3.2.50.30.10.001; ; INADIMPLIDO - PERIODO IGUAL OU MAIO;0;48981,73;48981,73;0;0;2;0;0; Balancete Mensal - 01/2025; 01/2025
 3.3.2.50.30.11.000; 3.3.2.50.30.11-6; INADIMPLIDO - PERIODO IGUAL OU MAIO;0;34571,03;34571,03;0;0;1;0;0; Balancete Mensal - 01/2025; 01/2025
 3.3.2.50.30.11.001; ; INADIMPLIDO - PERIODO IGUAL OU MAIO;0;34571,03;34571,03;0;0;1;0;0; Balancete Mensal - 01/2025; 01/2025
 3.3.3.00.00.00.000; 3.3.3.00.00.00-7; CREDITOS BAIXADOS COMO PREJUIZO;5179919,88;5070656,62;0;109263,26;20;0;0;0; Balancete Mensal - 01/2025; 01/2025
 3.3.3.10.00.00.000; 3.3.3.10.00.00-6; CREDITOS BAIXADOS COMO PREJUIZO - E;5179919,88;5070656,62;0;109263,26;20;0;0;0; Balancete Mensal - 01/2025; 01/2025
 3.3.3.10.10.00.000; 3.3.3.10.10.00-3; SETOR PRIVADO;5179919,88;5070656,62;0;109263,26;20;0;0;0; Balancete Mensal - 01/2025; 01/2025
 3.3.3.10.10.01.000; ; SETOR PRIVADO;5179919,88;5070656,62;0;109263,26;20;0;0;0; Balancete Mensal - 01/2025; 01/2025
 3.3.3.10.10.01.001; ; CRÉDITOS BAIXADOS COMO PREJUÍZO;5179919,88;5070656,62;0;109263,26;20;0;0;0; Balancete Mensal - 01/2025; 01/2025
 3.3.9.00.00.00.000; 3.3.9.00.00.00-9; OUTROS;0;88633504,04;88645783,9;12279,86;1;3;0;0; Balancete Mensal - 01/2025; 01/2025
 3.3.9.05.00.00.000; 3.3.9.05.00.00-4; OPERACOES DE CREDITO PESSOAL COM CO;0;88633504,04;88645783,9;12279,86;1;3;0;0; Balancete Mensal - 01/2025; 01/2025
 3.3.9.05.10.00.000; 3.3.9.05.10.00-1; SEM ATRASO;0;88633504,04;88633504,04;0;0;2;0;0; Balancete Mensal - 01/2025; 01/2025
 3.3.9.05.10.01.000; ; SEM ATRASO;0;88633504,04;88633504,04;0;0;2;0;0; Balancete Mensal - 01/2025; 01/2025
 3.3.9.05.10.01.001; ; SEM ATRASO;0;88633504,04;88633504,04;0;0;2;0;0; Balancete Mensal - 01/2025; 01/2025
 4.0.0.00.00.00.000; 4.0.0.00.00.00-6; PASSIVO EXIGIVEL;10755584,34;11002079,78;2739070,91;2985566,35;1587;976;0;0; Balancete Mensal - 01/2025; 01/2025
 4.9.0.00.00.00.000; 4.9.0.00.00.00-3; OUTRAS OBRIGACOES;10755584,34;11002079,78;2739070,91;2985566,35;1587;976;0;0; Balancete Mensal - 01/2025; 01/2025
 4.9.1.00.00.00.000; 4.9.1.00.00.00-0; COBRANCA E ARRECADACAO DE TRIBUTOS;125,6;116557,58;134808,07;251240,05;1214;736;0;0; Balancete Mensal - 01/2025; 01/2025
 4.9.1.10.00.00.000; 4.9.1.10.00.00-9; IOF A RECOLHER;125,6;116557,58;134808,07;251240,05;1214;736;0;0; Balancete Mensal - 01/2025; 01/2025
 4.9.1.10.10.00.000; 4.9.1.10.10.00-6; OPERACOES DE CREDITO;125,6;116557,58;134808,07;251240,05;1214;736;0;0; Balancete Mensal - 01/2025; 01/2025
 4.9.1.10.10.01.000; ; OPERACOES DE CREDITO;125,6;116557,58;134808,07;251240,05;1214;736;0;0; Balancete Mensal - 01/2025; 01/2025
 4.9.1.10.10.01.001; ; OPERACÕES  DE CREDITO IOF PF;125,6;116557,58;134808,07;251240,05;1214;736;0;0; Balancete Mensal - 01/2025; 01/2025
 4.9.3.00.00.00.000; 4.9.3.00.00.00-4; SOCIAIS E ESTATUTARIAS;8465716,94;9690693,33;7624,5;1232600,89;7;14;0;0; Balancete Mensal - 01/2025; 01/2025
 4.9.3.10.00.00.000; 4.9.3.10.00.00-3; REMUNERACAO DO CAPITAL A PAGAR;1006420,17;2091842,1;5852,56;1091274,49;1;12;0;0; Balancete Mensal - 01/2025; 01/2025
 4.9.3.10.50.00.000; 4.9.3.10.50.00-8; JUROS SOBRE O CAPITAL SOCIAL DE COO;1006420,17;2091842,1;5852,56;1091274,49;1;12;0;0; Balancete Mensal - 01/2025; 01/2025
 4.9.3.10.50.01.000; ; JUROS SOBRE O CAPITAL SOCIAL DE COO;1006420,17;2091842,1;5852,56;1091274,49;1;12;0;0; Balancete Mensal - 01/2025; 01/2025
 4.9.3.10.50.01.001; ; REMUNERACAO DO CAPITAL A PAGAR;1006420,17;2091842,1;5852,56;1091274,49;1;12;0;0; Balancete Mensal - 01/2025; 01/2025
 4.9.3.20.00.00.000; 4.9.3.20.00.00-2; FUNDO DE ASSISTENCIA TECNICA, EDUCA;7013827,12;7013827,12;0;0;0;0;0;0; Balancete Mensal - 01/2025; 01/2025
 4.9.3.20.10.00.000; 4.9.3.20.10.00-9; RESULTADO DE ATOS COM ASSOCIADOS;6490999,24;6490999,24;0;0;0;0;0;0; Balancete Mensal - 01/2025; 01/2025
 4.9.3.20.10.01.000; ; RESULTADO DE ATOS COM ASSOCIADOS;6490999,24;6490999,24;0;0;0;0;0;0; Balancete Mensal - 01/2025; 01/2025
 4.9.3.20.10.01.001; ; FATES - RESULTADO COM COOPERADO;6490999,24;6490999,24;0;0;0;0;0;0; Balancete Mensal - 01/2025; 01/2025
 4.9.3.20.20.00.000; 4.9.3.20.20.00-6; RESULTADO DE ATOS COM NAO ASSOCIADO;522827,88;522827,88;0;0;0;0;0;0; Balancete Mensal - 01/2025; 01/2025
 4.9.3.20.20.01.000; ; RESULTADO DE ATOS COM NAO ASSOCIADO;522827,88;522827,88;0;0;0;0;0;0; Balancete Mensal - 01/2025; 01/2025
 4.9.3.20.20.01.001; ; FATES - RESULTADO COM NÃO - COOPERA;522827,88;522827,88;0;0;0;0;0;0; Balancete Mensal - 01/2025; 01/2025
 4.9.3.30.00.00.000; 4.9.3.30.00.00-1; GRATIFICACOES E PARTICIPACOES A PAG;278439,72;306904,92;0;28465,2;1;0;0;0; Balancete Mensal - 01/2025; 01/2025
 4.9.3.30.01.00.000; ; GRATIFICACOES E PARTICIPACOES A PAG;278439,72;306904,92;0;28465,2;1;0;0;0; Balancete Mensal - 01/2025; 01/2025
 4.9.3.30.01.01.000; ; GRATIFICACOES E PARTICIPACOES A PAG;278439,72;306904,92;0;28465,2;1;0;0;0; Balancete Mensal - 01/2025; 01/2025
 4.9.3.30.01.01.001; ; PROVISÃO PARTICIPAÇÃO LUCROS-PLR;278439,72;306904,92;0;28465,2;1;0;0;0; Balancete Mensal - 01/2025; 01/2025
 4.9.3.80.00.00.000; 4.9.3.80.00.00-6; COTAS DE CAPITAL A PAGAR;167029,93;278119,19;1771,94;112861,2;5;2;0;0; Balancete Mensal - 01/2025; 01/2025
 4.9.3.80.01.00.000; ; COTAS DE CAPITAL A PAGAR;167029,93;278119,19;1771,94;112861,2;5;2;0;0; Balancete Mensal - 01/2025; 01/2025
 4.9.3.80.01.01.000; ; COTAS DE CAPITAL A PAGAR;167029,93;278119,19;1771,94;112861,2;5;2;0;0; Balancete Mensal - 01/2025; 01/2025
 4.9.3.80.01.01.001; ; COTAS DE CAPITAL A PAGAR;167029,93;278119,19;1771,94;112861,2;5;2;0;0; Balancete Mensal - 01/2025; 01/2025
 4.9.4.00.00.00.000; 4.9.4.00.00.00-1; FISCAIS E PREVIDENCIARIAS;1212213,51;121592,48;1213306,69;122685,66;39;13;0;0; Balancete Mensal - 01/2025; 01/2025
 4.9.4.20.00.00.000; 4.9.4.20.00.00-9; IMPOSTOS E CONTRIBUICOES A RECOLHER;1212213,51;121592,48;1213306,69;122685,66;39;13;0;0; Balancete Mensal - 01/2025; 01/2025
 4.9.4.20.10.00.000; 4.9.4.20.10.00-6; IMPOSTOS E CONTRIBUICOES SOBRE SERV;6063,48;4638,69;6063,46;4638,67;16;3;0;0; Balancete Mensal - 01/2025; 01/2025
 4.9.4.20.10.01.000; ; IMPOSTOS E CONTRIBUICOES SOBRE SERV;6063,48;4638,69;6063,46;4638,67;16;3;0;0; Balancete Mensal - 01/2025; 01/2025
 4.9.4.20.10.01.001; ; IRRF S/SERVIÇO DE TERCEIROS.;917,46;595,21;917,43;595,18;5;1;0;0; Balancete Mensal - 01/2025; 01/2025
 4.9.4.20.10.01.002; ; INSS S/SERVIÇO DE TERCEIROS;1748,39;1678,21;1748,4;1678,22;2;1;0;0; Balancete Mensal - 01/2025; 01/2025
 4.9.4.20.10.01.003; ; CSLL, COFINS E PIS/PASEP S/SERV TER;3397,63;2339,59;3397,63;2339,59;8;1;0;0; Balancete Mensal - 01/2025; 01/2025
 4.9.4.20.10.01.004; ; ISS S/SERVIÇO DE TERCEIROS;0;25,68;0;25,68;1;0;0;0; Balancete Mensal - 01/2025; 01/2025
 4.9.4.20.20.00.000; 4.9.4.20.20.00-3; IMPOSTOS E CONTRIBUICOES SOBRE SALA;140288,76;115520,95;141212,44;116444,63;11;5;0;0; Balancete Mensal - 01/2025; 01/2025
 4.9.4.20.20.01.000; ; IMPOSTOS E CONTRIBUICOES SOBRE SALA;140288,76;115520,95;141212,44;116444,63;11;5;0;0; Balancete Mensal - 01/2025; 01/2025
 4.9.4.20.20.01.001; ; IRRF S/SALARIO;51885,99;29476,4;51885,99;29476,4;4;1;0;0; Balancete Mensal - 01/2025; 01/2025
 4.9.4.20.20.01.002; ; INSS;66984,42;70118,75;67908,1;71042,43;5;2;0;0; Balancete Mensal - 01/2025; 01/2025
 4.9.4.20.20.01.003; ; FGTS;19735,94;14156,27;19735,94;14156,27;1;1;0;0; Balancete Mensal - 01/2025; 01/2025
 4.9.4.20.20.01.004; ; PIS S/SALARIO;1682,41;1769,53;1682,41;1769,53;1;1;0;0; Balancete Mensal - 01/2025; 01/2025
 4.9.4.20.90.00.000; 4.9.4.20.90.00-2; OUTROS;1065861,27;1432,84;1066030,79;1602,36;12;5;0;0; Balancete Mensal - 01/2025; 01/2025
 4.9.4.20.90.01.000; ; OUTROS;1065861,27;1432,84;1066030,79;1602,36;12;5;0;0; Balancete Mensal - 01/2025; 01/2025
 4.9.4.20.90.01.002; ; IMPOSTOS E CONTRIB- ATOS N COOPERAD;2256,95;1327,95;2256,95;1327,95;4;1;0;0; Balancete Mensal - 01/2025; 01/2025
 4.9.4.20.90.01.003; ; IMPOSTOS - COMISSÕES VENDAS SEGUROS;0;8,1;169,52;177,62;4;1;0;0; Balancete Mensal - 01/2025; 01/2025
 4.9.4.20.90.01.004; ; IMPOSTOS E CONTR - ESTACIONAMENTO;66,61;96,79;66,61;96,79;4;2;0;0; Balancete Mensal - 01/2025; 01/2025
 4.9.9.00.00.00.000; 4.9.9.00.00.00-6; DIVERSAS;1077528,29;1073236,39;1383331,65;1379039,75;327;213;0;0; Balancete Mensal - 01/2025; 01/2025
 4.9.9.30.00.00.000; 4.9.9.30.00.00-3; PROVISAO PARA PAGAMENTOS A EFETUAR;1034761,97;1060659,28;1218979,71;1244877,02;180;161;0;0; Balancete Mensal - 01/2025; 01/2025
 4.9.9.30.10.00.000; 4.9.9.30.10.00-0; DESPESAS DE PESSOAL;827971,48;848594,82;269629,59;290252,93;21;27;0;0; Balancete Mensal - 01/2025; 01/2025
 4.9.9.30.10.01.000; ; DESPESAS DE PESSOAL;827971,48;848594,82;269629,59;290252,93;21;27;0;0; Balancete Mensal - 01/2025; 01/2025
 4.9.9.30.10.01.002; ; PROVISAO 13.SALARIO;0;14232,57;0;14232,57;1;0;0;0; Balancete Mensal - 01/2025; 01/2025
 4.9.9.30.10.01.003; ; PROVISAO DE FERIAS;275196,92;269820,41;24353,27;18976,76;1;1;0;0; Balancete Mensal - 01/2025; 01/2025
 4.9.9.30.10.01.004; ; PROVISAO DE ENCARGOS SOBRE FERIAS;94117,3;92278,54;8328,82;6490,06;2;1;0;0; Balancete Mensal - 01/2025; 01/2025
 4.9.9.30.10.01.005; ; PROVISAO DE ENCARGOS S/ 13.SALARIO;0;4867,54;0;4867,54;2;0;0;0; Balancete Mensal - 01/2025; 01/2025
 4.9.9.30.10.01.006; ; PROVISAO DE SEG DE VIDA E ACIDENTE;2456,43;1611,65;1010,05;165,27;1;1;0;0; Balancete Mensal - 01/2025; 01/2025
 4.9.9.30.10.01.007; ; PROVISAO P/ RESCISÃO TRABALHISTA;404755,48;412915,5;0;8160,02;1;0;0;0; Balancete Mensal - 01/2025; 01/2025
 4.9.9.30.10.01.008; ; AVISO PREVIO - LEI 12506/2011;51445,35;52868,61;0;1423,26;1;0;0;0; Balancete Mensal - 01/2025; 01/2025
 4.9.9.30.50.00.000; 4.9.9.30.50.00-8; OUTRAS DESPESAS ADMINISTRATIVAS;206790,49;212064,46;949350,12;954624,09;159;134;0;0; Balancete Mensal - 01/2025; 01/2025
 4.9.9.30.50.01.000; ; OUTRAS DESPESAS ADMINISTRATIVAS;206790,49;212064,46;949350,12;954624,09;159;134;0;0; Balancete Mensal - 01/2025; 01/2025
 4.9.9.30.50.01.001; ; JOHNSON & JOHNSON;33535,08;35155,17;26493,1;28113,19;6;3;0;0; Balancete Mensal - 01/2025; 01/2025
 4.9.9.30.50.01.003; ; TITULOS A PAGAR;160698,66;169695,11;136071,27;145067,72;24;16;0;0; Balancete Mensal - 01/2025; 01/2025
 4.9.9.30.50.01.009; ; CARTÃO CORPORATIVO;8029,38;2687,49;10973,04;5631,15;10;1;0;0; Balancete Mensal - 01/2025; 01/2025
 4.9.9.30.50.01.011; ; INTERMEDIAÇÃO GYMPASS;4526,69;4526,69;0;0;0;0;0;0; Balancete Mensal - 01/2025; 01/2025
 4.9.9.92.00.00.000; 4.9.9.92.00.00-3; CREDORES DIVERSOS - PAIS;42766,32;12577,11;164351,94;134162,73;147;52;0;0; Balancete Mensal - 01/2025; 01/2025
 4.9.9.92.01.00.000; ; CREDORES DIVERSOS - PAIS;42766,32;12577,11;164351,94;134162,73;147;52;0;0; Balancete Mensal - 01/2025; 01/2025
 4.9.9.92.01.01.000; ; CREDORES DIVERSOS - PAIS;34782,15;9860,46;63340,76;38419,07;6;40;0;0; Balancete Mensal - 01/2025; 01/2025
 4.9.9.92.01.01.001; ; CREDITOS DE EX-ASSOCIADOS;34183,7;9345,98;63256,79;38419,07;6;39;0;0; Balancete Mensal - 01/2025; 01/2025
 4.9.9.92.01.01.002; ; CREDITO DE EX-ASSOCIADO SOBRAS;598,45;514,48;83,97;0;0;1;0;0; Balancete Mensal - 01/2025; 01/2025
 4.9.9.92.01.02.000; ; CREDITOS DE COOPERADOS;7984,17;2716,65;101011,18;95743,66;141;12;0;0; Balancete Mensal - 01/2025; 01/2025
 4.9.9.92.01.02.001; ; CREDITOS DE ASSOCIADOS;7984,17;2716,65;101011,18;95743,66;141;12;0;0; Balancete Mensal - 01/2025; 01/2025
 6.0.0.00.00.00.000; 6.0.0.00.00.00-4; PATRIMONIO LIQUIDO;143913729,9;138937660;6104975,69;1128905,85;47;116;0;0; Balancete Mensal - 01/2025; 01/2025
 6.1.0.00.00.00.000; 6.1.0.00.00.00-7; PATRIMONIO LIQUIDO;143913729,9;138937660;6104975,69;1128905,85;47;116;0;0; Balancete Mensal - 01/2025; 01/2025
 6.1.1.00.00.00.000; 6.1.1.00.00.00-4; CAPITAL SOCIAL;104055417,7;103698163,7;1466470,07;1109216,15;45;113;0;0; Balancete Mensal - 01/2025; 01/2025
 6.1.1.10.00.00.000; 6.1.1.10.00.00-3; CAPITAL;104055942,7;103698163,7;1466470,07;1108691,15;44;113;0;0; Balancete Mensal - 01/2025; 01/2025
 6.1.1.10.28.00.000; 6.1.1.10.28.00-9; COTAS - PAIS;104055942,7;103698163,7;1466470,07;1108691,15;44;113;0;0; Balancete Mensal - 01/2025; 01/2025
 6.1.1.10.28.01.000; ; COTAS - PAIS;104055942,7;103698163,7;1466470,07;1108691,15;44;113;0;0; Balancete Mensal - 01/2025; 01/2025
 6.1.1.10.28.01.001; ; COTAS PAIS;104055942,7;103698163,7;1466470,07;1108691,15;44;113;0;0; Balancete Mensal - 01/2025; 01/2025
 6.1.5.00.00.00.000; 6.1.5.00.00.00-2; RESERVAS DE LUCROS;30195182,48;30195266,45;0;83,97;1;0;0;0; Balancete Mensal - 01/2025; 01/2025
 6.1.5.10.00.00.000; 6.1.5.10.00.00-1; RESERVA LEGAL;14995894,73;14995978,7;0;83,97;1;0;0;0; Balancete Mensal - 01/2025; 01/2025
 6.1.5.10.10.00.000; 6.1.5.10.10.00-8; RESERVA LEGAL;14995894,73;14995978,7;0;83,97;1;0;0;0; Balancete Mensal - 01/2025; 01/2025
 6.1.5.10.10.01.000; ; RESERVA LEGAL;14995894,73;14995978,7;0;83,97;1;0;0;0; Balancete Mensal - 01/2025; 01/2025
 6.1.5.10.10.01.001; ; RESERVA LEGAL;14995894,73;14995978,7;0;83,97;1;0;0;0; Balancete Mensal - 01/2025; 01/2025
 6.1.5.30.00.00.000; 6.1.5.30.00.00-9; RESERVAS PARA CONTINGENCIAS;15199287,75;15199287,75;0;0;0;0;0;0; Balancete Mensal - 01/2025; 01/2025
 6.1.5.30.01.00.000; ; RESERVAS PARA CONTINGENCIAS;15199287,75;15199287,75;0;0;0;0;0;0; Balancete Mensal - 01/2025; 01/2025
 6.1.5.30.01.01.000; ; RESERVAS PARA CONTINGENCIAS;14465954,42;14465954,42;0;0;0;0;0;0; Balancete Mensal - 01/2025; 01/2025
 6.1.5.30.01.01.001; ; FUNDO RESERVAS PARA CONTINGENCIAS;14465954,42;14465954,42;0;0;0;0;0;0; Balancete Mensal - 01/2025; 01/2025
 6.1.5.30.01.02.000; ; FUNDO RESERVA P/IMPACTO RES.4966/21;733333,33;733333,33;0;0;0;0;0;0; Balancete Mensal - 01/2025; 01/2025
 6.1.5.30.01.02.001; ; FUNDO RESERVA P/IMPACTO RES.4966/21;733333,33;733333,33;0;0;0;0;0;0; Balancete Mensal - 01/2025; 01/2025
 6.1.7.00.00.00.000; 6.1.7.00.00.00-6; SOBRAS OU PERDAS ACUMULADAS;9663129,75;5044229,86;4638505,62;19605,73;1;3;0;0; Balancete Mensal - 01/2025; 01/2025
 6.1.7.10.00.00.000; 6.1.7.10.00.00-5; SOBRAS OU PERDAS ACUMULADAS;9663129,75;5044229,86;4638505,62;19605,73;1;3;0;0; Balancete Mensal - 01/2025; 01/2025
 6.1.7.10.01.00.000; ; SOBRAS OU PERDAS ACUMULADAS;9663129,75;5044229,86;4638505,62;19605,73;1;3;0;0; Balancete Mensal - 01/2025; 01/2025
 6.1.7.10.01.01.000; ; SOBRAS OU PERDAS ACUMULADAS;9663129,75;5044229,86;4638505,62;19605,73;1;3;0;0; Balancete Mensal - 01/2025; 01/2025
 6.1.7.10.01.01.002; ; SOBRAS OU PERDA ACUMULADAS 2º SEMES;5049299,5;5049299,5;0;0;0;0;0;0; Balancete Mensal - 01/2025; 01/2025
 6.1.7.10.01.01.003; ; AJUSTE DE TRANSIÇÃO RES.4966;4613830,25;-5069,64;4638505,62;19605,73;1;3;0;0; Balancete Mensal - 01/2025; 01/2025
 7.0.0.00.00.00.000; 7.0.0.00.00.00-3; RESULTADO CREDOR;0;2251160,71;2430,01;2253590,72;2407;47;0;0; Balancete Mensal - 01/2025; 01/2025
 7.1.0.00.00.00.000; 7.1.0.00.00.00-6; RECEITAS OPERACIONAIS;0;2239915,97;2430,01;2242345,98;2398;47;0;0; Balancete Mensal - 01/2025; 01/2025
 7.1.1.00.00.00.000; 7.1.1.00.00.00-3; RENDAS DE OPERACOES DE CREDITO;0;1693331,65;2430,01;1695761,66;2355;47;0;0; Balancete Mensal - 01/2025; 01/2025
 7.1.1.05.00.00.000; 7.1.1.05.00.00-8; RENDAS DE EMPRESTIMOS;0;1693331,65;2430,01;1695761,66;2355;47;0;0; Balancete Mensal - 01/2025; 01/2025
 7.1.1.05.99.00.000; 7.1.1.05.99.00-2; RENDAS - OUTROS EMPRESTIMOS;0;1693331,65;2430,01;1695761,66;2355;47;0;0; Balancete Mensal - 01/2025; 01/2025
 7.1.1.05.99.01.000; ; RENDAS - OUTROS EMPRESTIMOS;0;1693331,65;2430,01;1695761,66;2355;47;0;0; Balancete Mensal - 01/2025; 01/2025
 7.1.1.05.99.01.001; ; RENDAS - OUTROS EMPRESTIMOS;0;1693331,65;2430,01;1695761,66;2355;47;0;0; Balancete Mensal - 01/2025; 01/2025
 7.1.5.00.00.00.000; 7.1.5.00.00.00-1; RENDAS COM TITULOS E VALORES MOBILI;0;449613,01;0;449613,01;8;0;0;0; Balancete Mensal - 01/2025; 01/2025
 7.1.5.40.00.00.000; 7.1.5.40.00.00-7; RENDAS DE APLICACOES EM FUNDOS DE I;0;449613,01;0;449613,01;8;0;0;0; Balancete Mensal - 01/2025; 01/2025
 7.1.5.40.01.00.000; ; RENDAS DE APLICACOES EM FUNDOS DE I;0;449613,01;0;449613,01;8;0;0;0; Balancete Mensal - 01/2025; 01/2025
 7.1.5.40.01.01.000; ; RENDAS DE APLICACOES EM FUNDOS DE I;0;449613,01;0;449613,01;8;0;0;0; Balancete Mensal - 01/2025; 01/2025
 7.1.5.40.01.01.001; ; RENDA APLIC FUNDOS INVEST ITAU;0;250777,06;0;250777,06;3;0;0;0; Balancete Mensal - 01/2025; 01/2025
 7.1.5.40.01.01.002; ; RENDA APLIC FUNDOS INVEST SANTANDER;0;159135,2;0;159135,2;4;0;0;0; Balancete Mensal - 01/2025; 01/2025
 7.1.5.40.01.01.003; ; RENDA APLIC FUNDOS INVEST SAFRA;0;39700,75;0;39700,75;1;0;0;0; Balancete Mensal - 01/2025; 01/2025
 7.1.9.00.00.00.000; 7.1.9.00.00.00-9; OUTRAS RECEITAS OPERACIONAIS;0;96971,31;0;96971,31;35;0;0;0; Balancete Mensal - 01/2025; 01/2025
 7.1.9.20.00.00.000; 7.1.9.20.00.00-7; RECUPERACAO DE ATIVOS FINANCEIROS B;0;93293,31;0;93293,31;21;0;0;0; Balancete Mensal - 01/2025; 01/2025
 7.1.9.20.16.00.000; 7.1.9.20.16.00-8; OPERACOES DE CREDITO;0;93293,31;0;93293,31;21;0;0;0; Balancete Mensal - 01/2025; 01/2025
 7.1.9.20.16.01.000; ; OPERACOES DE CREDITO;0;93293,31;0;93293,31;21;0;0;0; Balancete Mensal - 01/2025; 01/2025
 7.1.9.20.16.01.001; ; RECUP.CRED.BAIXADOS COMO PREJUIZO;0;93293,31;0;93293,31;21;0;0;0; Balancete Mensal - 01/2025; 01/2025
 7.1.9.30.00.00.000; 7.1.9.30.00.00-6; RECUPERACAO DE ENCARGOS E DESPESAS;0;3678;0;3678;14;0;0;0; Balancete Mensal - 01/2025; 01/2025
 7.1.9.30.01.00.000; ; RECUPERACAO DE ENCARGOS E DESPESAS;0;3678;0;3678;14;0;0;0; Balancete Mensal - 01/2025; 01/2025
 7.1.9.30.01.01.000; ; RECUPERACAO DE ENCARGOS E DESPESAS;0;3678;0;3678;14;0;0;0; Balancete Mensal - 01/2025; 01/2025
 7.1.9.30.01.01.001; ; RECUPER CUSTAS PROCESSUAIS;0;3678;0;3678;14;0;0;0; Balancete Mensal - 01/2025; 01/2025
 7.3.0.00.00.00.000; 7.3.0.00.00.00-2; RECEITAS NAO OPERACIONAIS;0;11244,74;0;11244,74;9;0;0;0; Balancete Mensal - 01/2025; 01/2025
 7.3.9.00.00.00.000; 7.3.9.00.00.00-5; OUTRAS RECEITAS NAO OPERACIONAIS;0;11244,74;0;11244,74;9;0;0;0; Balancete Mensal - 01/2025; 01/2025
 7.3.9.99.00.00.000; 7.3.9.99.00.00-3; OUTRAS RENDAS NAO OPERACIONAIS;0;11244,74;0;11244,74;9;0;0;0; Balancete Mensal - 01/2025; 01/2025
 7.3.9.99.01.00.000; ; OUTRAS RENDAS NAO OPERACIONAIS;0;11244,74;0;11244,74;9;0;0;0; Balancete Mensal - 01/2025; 01/2025
 7.3.9.99.01.01.000; ; OUTRAS RENDAS NAO OPERACIONAIS;0;11244,74;0;11244,74;9;0;0;0; Balancete Mensal - 01/2025; 01/2025
 7.3.9.99.01.01.001; ; LOCAÇÃO DE ESPAÇOS - SEDE;0;9319;0;9319;7;0;0;0; Balancete Mensal - 01/2025; 01/2025
 7.3.9.99.01.01.002; ; COMISSÕES POR VENDAS DE SEGUROS;0;1246,47;0;1246,47;1;0;0;0; Balancete Mensal - 01/2025; 01/2025
 7.3.9.99.01.01.003; ; RENDA DE ESTACIONAMENTO;0;679,27;0;679,27;1;0;0;0; Balancete Mensal - 01/2025; 01/2025
 8.0.0.00.00.00.000; 8.0.0.00.00.00-2; (-) RESULTADO DEVEDOR;0;1400417,8;1911579,88;511162,08;5;212;0;0; Balancete Mensal - 01/2025; 01/2025
 8.1.0.00.00.00.000; 8.1.0.00.00.00-5; (-) DESPESAS OPERACIONAIS;0;1371952,6;1883114,68;511162,08;5;211;0;0; Balancete Mensal - 01/2025; 01/2025
 8.1.7.00.00.00.000; 8.1.7.00.00.00-4; (-) DESPESAS ADMINISTRATIVAS;0;639962,37;648354,63;8392,26;3;182;0;0; Balancete Mensal - 01/2025; 01/2025
 8.1.7.03.00.00.000; 8.1.7.03.00.00-3; (-) DESPESAS DE AGUA, ENERGIA E GAS;0;5741,97;5741,97;0;0;2;0;0; Balancete Mensal - 01/2025; 01/2025
 8.1.7.03.01.00.000; ; (-) DESPESAS DE AGUA, ENERGIA E GAS;0;5741,97;5741,97;0;0;2;0;0; Balancete Mensal - 01/2025; 01/2025
 8.1.7.03.01.01.000; ; (-) DESPESAS DE AGUA, ENERGIA E GAS;0;5741,97;5741,97;0;0;2;0;0; Balancete Mensal - 01/2025; 01/2025
 8.1.7.03.01.01.001; ; DESP C/AGUA;0;2066,16;2066,16;0;0;1;0;0; Balancete Mensal - 01/2025; 01/2025
 8.1.7.03.01.01.002; ; DESP C/ENERGIA ELETRICA;0;3675,81;3675,81;0;0;1;0;0; Balancete Mensal - 01/2025; 01/2025
 8.1.7.12.00.00.000; 8.1.7.12.00.00-9; (-) DESPESAS DE COMUNICACOES;0;100;100;0;0;1;0;0; Balancete Mensal - 01/2025; 01/2025
 8.1.7.12.01.00.000; ; (-) DESPESAS DE COMUNICACOES;0;100;100;0;0;1;0;0; Balancete Mensal - 01/2025; 01/2025
 8.1.7.12.01.01.000; ; (-) DESPESAS DE COMUNICACOES;0;100;100;0;0;1;0;0; Balancete Mensal - 01/2025; 01/2025
 8.1.7.12.01.01.001; ; DESPESAS DE CORREIO;0;100;100;0;0;1;0;0; Balancete Mensal - 01/2025; 01/2025
 8.1.7.18.00.00.000; 8.1.7.18.00.00-7; (-) DESPESAS DE HONORARIOS;0;53659,11;53659,11;0;0;1;0;0; Balancete Mensal - 01/2025; 01/2025
 8.1.7.18.30.00.000; 8.1.7.18.30.00-8; (-) DIRETORIA E CONSELHO DE ADMINIS;0;53659,11;53659,11;0;0;1;0;0; Balancete Mensal - 01/2025; 01/2025
 8.1.7.18.30.01.000; ; (-) DIRETORIA E CONSELHO DE ADMINIS;0;53659,11;53659,11;0;0;1;0;0; Balancete Mensal - 01/2025; 01/2025
 8.1.7.18.30.01.001; ; DIRETORIA;0;53659,11;53659,11;0;0;1;0;0; Balancete Mensal - 01/2025; 01/2025
 8.1.7.21.00.00.000; 8.1.7.21.00.00-5; (-) DESPESAS DE MANUTENCAO E CONSER;0;13082,56;13082,56;0;0;11;0;0; Balancete Mensal - 01/2025; 01/2025
 8.1.7.21.10.00.000; 8.1.7.21.10.00-2; (-) ATIVO IMOBILIZADO;0;13082,56;13082,56;0;0;11;0;0; Balancete Mensal - 01/2025; 01/2025
 8.1.7.21.10.01.000; ; (-) ATIVO IMOBILIZADO;0;13082,56;13082,56;0;0;11;0;0; Balancete Mensal - 01/2025; 01/2025
 8.1.7.21.10.01.001; ; CONSERVACAO MAQUINAS E EQUIPAMENTOS;0;9715;9715;0;0;5;0;0; Balancete Mensal - 01/2025; 01/2025
 8.1.7.21.10.01.002; ; REPAROS, ADAPTACOES E CONSERVACOES;0;1742,62;1742,62;0;0;3;0;0; Balancete Mensal - 01/2025; 01/2025
 8.1.7.21.10.01.003; ; CONSERV.E MANUT.-ESTACIONAMENTO;0;1624,94;1624,94;0;0;3;0;0; Balancete Mensal - 01/2025; 01/2025
 8.1.7.27.00.00.000; 8.1.7.27.00.00-3; (-) DESPESAS DE PESSOAL - BENEFICIO;0;119246;119247,59;1,59;1;17;0;0; Balancete Mensal - 01/2025; 01/2025
 8.1.7.27.01.00.000; ; (-) DESPESAS DE PESSOAL - BENEFICIO;0;119246;119247,59;1,59;1;17;0;0; Balancete Mensal - 01/2025; 01/2025
 8.1.7.27.01.01.000; ; (-) DESPESAS DE PESSOAL - BENEFICIO;0;119246;119247,59;1,59;1;17;0;0; Balancete Mensal - 01/2025; 01/2025
 8.1.7.27.01.01.001; ; DESP C/AJUDA DE CUSTO;0;249,5;249,5;0;0;1;0;0; Balancete Mensal - 01/2025; 01/2025
 8.1.7.27.01.01.002; ; DESP C/ASSISTENCIA MEDICA;0;76186,85;76186,85;0;0;3;0;0; Balancete Mensal - 01/2025; 01/2025
 8.1.7.27.01.01.003; ; PLANO DE PREVIDENCIA;0;7744,11;7744,11;0;0;2;0;0; Balancete Mensal - 01/2025; 01/2025
 8.1.7.27.01.01.005; ; DESP  ADC JOHNSON CLUBE DO BRASIL;0;263,04;263,04;0;0;1;0;0; Balancete Mensal - 01/2025; 01/2025
 8.1.7.27.01.01.006; ; DESP C/REFEIÇAO FUNCIONARIO;0;8317,98;8319,57;1,59;1;2;0;0; Balancete Mensal - 01/2025; 01/2025
 8.1.7.27.01.01.007; ; DESP C/TRANSPORTE FUNCIONARIO;0;11310,28;11310,28;0;0;6;0;0; Balancete Mensal - 01/2025; 01/2025
 8.1.7.27.01.01.008; ; DESP C/ AUX CESTA ALIMENTAÇÃO;0;14774,24;14774,24;0;0;1;0;0; Balancete Mensal - 01/2025; 01/2025
 8.1.7.27.01.01.010; ; KIT MATERNIDADE FUNC/VALE PRESENTE;0;400;400;0;0;1;0;0; Balancete Mensal - 01/2025; 01/2025
 8.1.7.30.00.00.000; 8.1.7.30.00.00-1; (-) DESPESAS DE PESSOAL - ENCARGOS;0;73019,72;73019,72;0;0;3;0;0; Balancete Mensal - 01/2025; 01/2025
 8.1.7.30.10.00.000; 8.1.7.30.10.00-8; (-) FUNDO DE GARANTIA DO TEMPO DE S;0;14156,27;14156,27;0;0;1;0;0; Balancete Mensal - 01/2025; 01/2025
 8.1.7.30.10.01.000; ; (-) FUNDO DE GARANTIA DO TEMPO DE S;0;14156,27;14156,27;0;0;1;0;0; Balancete Mensal - 01/2025; 01/2025
 8.1.7.30.10.01.001; ; F.G.T.S.;0;14156,27;14156,27;0;0;1;0;0; Balancete Mensal - 01/2025; 01/2025
 8.1.7.30.50.00.000; 8.1.7.30.50.00-6; (-) PREVIDENCIA SOCIAL;0;57093,92;57093,92;0;0;1;0;0; Balancete Mensal - 01/2025; 01/2025
 8.1.7.30.50.01.000; ; (-) PREVIDENCIA SOCIAL;0;57093,92;57093,92;0;0;1;0;0; Balancete Mensal - 01/2025; 01/2025
 8.1.7.30.50.01.001; ; PREVIDENCIA SOCIAL;0;57093,92;57093,92;0;0;1;0;0; Balancete Mensal - 01/2025; 01/2025
 8.1.7.30.99.00.000; 8.1.7.30.99.00-5; (-) OUTRAS;0;1769,53;1769,53;0;0;1;0;0; Balancete Mensal - 01/2025; 01/2025
 8.1.7.30.99.01.000; ; (-) OUTRAS;0;1769,53;1769,53;0;0;1;0;0; Balancete Mensal - 01/2025; 01/2025
 8.1.7.30.99.01.001; ; DESP CONTRIB PIS/PASEP - SALARIO;0;1769,53;1769,53;0;0;1;0;0; Balancete Mensal - 01/2025; 01/2025
 8.1.7.33.00.00.000; 8.1.7.33.00.00-0; (-) DESPESAS DE PESSOAL - PROVENTOS;0;197957,88;206348,55;8390,67;2;11;0;0; Balancete Mensal - 01/2025; 01/2025
 8.1.7.33.01.00.000; ; (-) DESPESAS DE PESSOAL - PROVENTOS;0;197957,88;206348,55;8390,67;2;11;0;0; Balancete Mensal - 01/2025; 01/2025
 8.1.7.33.01.01.000; ; (-) DESPESAS DE PESSOAL - PROVENTOS;0;197957,88;206348,55;8390,67;2;11;0;0; Balancete Mensal - 01/2025; 01/2025
 8.1.7.33.01.01.001; ; DESP ORDENADOS;0;152136,49;152198,34;61,85;1;3;0;0; Balancete Mensal - 01/2025; 01/2025
 8.1.7.33.01.01.002; ; DESP COM FERIAS;0;18976,76;18976,76;0;0;1;0;0; Balancete Mensal - 01/2025; 01/2025
 8.1.7.33.01.01.003; ; DESP COM ENCARGOS SOBRE FERIAS;0;-1838,76;6490,06;8328,82;1;2;0;0; Balancete Mensal - 01/2025; 01/2025
 8.1.7.33.01.01.004; ; DESP COM 13. SALARIO;0;14232,57;14232,57;0;0;1;0;0; Balancete Mensal - 01/2025; 01/2025
 8.1.7.33.01.01.005; ; DESP COM ENCARGOS SOBRE 13 SALARIOS;0;4867,54;4867,54;0;0;2;0;0; Balancete Mensal - 01/2025; 01/2025
 8.1.7.33.01.01.006; ; DESP C/RESCISAO;0;8160,02;8160,02;0;0;1;0;0; Balancete Mensal - 01/2025; 01/2025
 8.1.7.33.01.01.007; ; DESP C/INDENIZACOES;0;1423,26;1423,26;0;0;1;0;0; Balancete Mensal - 01/2025; 01/2025
 8.1.7.36.00.00.000; 8.1.7.36.00.00-9; (-) DESPESAS DE PESSOAL - TREINAMEN;0;1829,21;1829,21;0;0;3;0;0; Balancete Mensal - 01/2025; 01/2025
 8.1.7.36.01.00.000; ; (-) DESPESAS DE PESSOAL - TREINAMEN;0;1829,21;1829,21;0;0;3;0;0; Balancete Mensal - 01/2025; 01/2025
 8.1.7.36.01.01.000; ; (-) DESPESAS DE PESSOAL - TREINAMEN;0;1829,21;1829,21;0;0;3;0;0; Balancete Mensal - 01/2025; 01/2025
 8.1.7.36.01.01.001; ; DESP C/ EXAMES MEDICOS PERIODICOS;0;455,19;455,19;0;0;1;0;0; Balancete Mensal - 01/2025; 01/2025
 8.1.7.36.01.01.003; ; PONTO ELETRONICO;0;374,02;374,02;0;0;1;0;0; Balancete Mensal - 01/2025; 01/2025
 8.1.7.36.01.01.004; ; CONSULT SOFTWARE GESTÃO PESSOAS;0;1000;1000;0;0;1;0;0; Balancete Mensal - 01/2025; 01/2025
 8.1.7.37.00.00.000; 8.1.7.37.00.00-2; (-) DESPESAS DE REMUNERACAO DE ESTA;0;1793,91;1793,91;0;0;1;0;0; Balancete Mensal - 01/2025; 01/2025
 8.1.7.37.01.00.000; ; (-) DESPESAS DE REMUNERACAO DE ESTA;0;1793,91;1793,91;0;0;1;0;0; Balancete Mensal - 01/2025; 01/2025
 8.1.7.37.01.01.000; ; (-) DESPESAS DE REMUNERACAO DE ESTA;0;1793,91;1793,91;0;0;1;0;0; Balancete Mensal - 01/2025; 01/2025
 8.1.7.37.01.01.001; ; DESPESAS DE REMUNER DE ESTAGIARIO;0;1793,91;1793,91;0;0;1;0;0; Balancete Mensal - 01/2025; 01/2025
 8.1.7.39.00.00.000; 8.1.7.39.00.00-8; (-) DESPESAS DE PROCESSAMENTO DE DA;0;54297,88;54297,88;0;0;35;0;0; Balancete Mensal - 01/2025; 01/2025
 8.1.7.39.01.00.000; ; (-) DESPESAS DE PROCESSAMENTO DE DA;0;54297,88;54297,88;0;0;35;0;0; Balancete Mensal - 01/2025; 01/2025
 8.1.7.39.01.01.000; ; (-) DESPESAS DE PROCESSAMENTO DE DA;0;54297,88;54297,88;0;0;35;0;0; Balancete Mensal - 01/2025; 01/2025
 8.1.7.39.01.01.001; ; DESP C/MANUTENCAO DE HARDWARE;0;450,01;450,01;0;0;1;0;0; Balancete Mensal - 01/2025; 01/2025
 8.1.7.39.01.01.002; ; DESP C/MANUTENCaO DE SOFTWARE;0;45573,29;45573,29;0;0;22;0;0; Balancete Mensal - 01/2025; 01/2025
 8.1.7.39.01.01.004; ; DESP. COM INTERNET;0;2698,57;2698,57;0;0;6;0;0; Balancete Mensal - 01/2025; 01/2025
 8.1.7.39.01.01.005; ; PROJETOS E.O;0;3078;3078;0;0;1;0;0; Balancete Mensal - 01/2025; 01/2025
 8.1.7.39.01.01.006; ; FERRAMENTAS E.O - CANVAS/D4 SIGN;0;2498,01;2498,01;0;0;5;0;0; Balancete Mensal - 01/2025; 01/2025
 8.1.7.42.00.00.000; 8.1.7.42.00.00-6; (-) DESPESAS DE PROMOCOES E RELACOE;0;20224,62;20224,62;0;0;7;0;0; Balancete Mensal - 01/2025; 01/2025
 8.1.7.42.01.00.000; ; (-) DESPESAS DE PROMOCOES E RELACOE;0;20224,62;20224,62;0;0;7;0;0; Balancete Mensal - 01/2025; 01/2025
 8.1.7.42.01.01.000; ; (-) DESPESAS DE PROMOCOES E RELACOE;0;20224,62;20224,62;0;0;7;0;0; Balancete Mensal - 01/2025; 01/2025
 8.1.7.42.01.01.003; ; DESP C/PROMOCOES E RELACOES PUBLI;0;700;700;0;0;1;0;0; Balancete Mensal - 01/2025; 01/2025
 8.1.7.42.01.01.005; ; DESP. AGENCIA DE COMUNICAÇÃO;0;7413,74;7413,74;0;0;2;0;0; Balancete Mensal - 01/2025; 01/2025
 8.1.7.42.01.01.006; ; COMUNICAÇÃO DIGITAL;0;690;690;0;0;1;0;0; Balancete Mensal - 01/2025; 01/2025
 8.1.7.42.01.01.009; ; OUTRAS DESP. PROMOCOES REL PUBLIC;0;11420,88;11420,88;0;0;3;0;0; Balancete Mensal - 01/2025; 01/2025
 8.1.7.51.00.00.000; 8.1.7.51.00.00-2; (-) DESPESAS DE SEGUROS;0;1941,75;1941,75;0;0;2;0;0; Balancete Mensal - 01/2025; 01/2025
 8.1.7.51.01.00.000; ; (-) DESPESAS DE SEGUROS;0;1941,75;1941,75;0;0;2;0;0; Balancete Mensal - 01/2025; 01/2025
 8.1.7.51.01.01.000; ; (-) DESPESAS DE SEGUROS;0;1941,75;1941,75;0;0;2;0;0; Balancete Mensal - 01/2025; 01/2025
 8.1.7.51.01.01.001; ; DESP C/SEGUROS PREDIAL;0;791,61;791,61;0;0;1;0;0; Balancete Mensal - 01/2025; 01/2025
 8.1.7.51.01.01.002; ; SEGURO DE RESPONSABILIDADE CIVIL;0;1150,14;1150,14;0;0;1;0;0; Balancete Mensal - 01/2025; 01/2025
 8.1.7.54.00.00.000; 8.1.7.54.00.00-1; (-) DESPESAS DE SERVICOS DO SISTEMA;0;4480,24;4480,24;0;0;52;0;0; Balancete Mensal - 01/2025; 01/2025
 8.1.7.54.01.00.000; ; (-) DESPESAS DE SERVICOS DO SISTEMA;0;4480,24;4480,24;0;0;52;0;0; Balancete Mensal - 01/2025; 01/2025
 8.1.7.54.01.01.000; ; (-) DESPESAS DE SERVICOS DO SISTEMA;0;4480,24;4480,24;0;0;52;0;0; Balancete Mensal - 01/2025; 01/2025
 8.1.7.54.01.01.001; ; DESP C/SERVICOS BANCARIOS;0;3715,55;3715,55;0;0;48;0;0; Balancete Mensal - 01/2025; 01/2025
 8.1.7.54.01.01.004; ; PORTABILIDADE INSS;0;764,69;764,69;0;0;4;0;0; Balancete Mensal - 01/2025; 01/2025
 8.1.7.57.00.00.000; 8.1.7.57.00.00-0; (-) DESPESAS DE SERVICOS DE TERCEIR;0;180;180;0;0;1;0;0; Balancete Mensal - 01/2025; 01/2025
 8.1.7.57.01.00.000; ; (-) DESPESAS DE SERVICOS DE TERCEIR;0;180;180;0;0;1;0;0; Balancete Mensal - 01/2025; 01/2025
 8.1.7.57.01.01.000; ; (-) DESPESAS DE SERVICOS DE TERCEIR;0;180;180;0;0;1;0;0; Balancete Mensal - 01/2025; 01/2025
 8.1.7.57.01.01.001; ; DESP.C/ JARDINAGEM E PAISAGISMO;0;180;180;0;0;1;0;0; Balancete Mensal - 01/2025; 01/2025
 8.1.7.60.00.00.000; 8.1.7.60.00.00-8; (-) DESPESAS DE SERVICOS DE VIGILAN;0;16855,34;16855,34;0;0;6;0;0; Balancete Mensal - 01/2025; 01/2025
 8.1.7.60.01.00.000; ; (-) DESPESAS DE SERVICOS DE VIGILAN;0;16855,34;16855,34;0;0;6;0;0; Balancete Mensal - 01/2025; 01/2025
 8.1.7.60.01.01.000; ; (-) DESPESAS DE SERVICOS DE VIGILAN;0;16855,34;16855,34;0;0;6;0;0; Balancete Mensal - 01/2025; 01/2025
 8.1.7.60.01.01.001; ; DESP C/SEGURANCA;0;16855,34;16855,34;0;0;6;0;0; Balancete Mensal - 01/2025; 01/2025
 8.1.7.63.00.00.000; 8.1.7.63.00.00-7; (-) DESPESAS DE SERVICOS TECNICOS E;0;25888,89;25888,89;0;0;6;0;0; Balancete Mensal - 01/2025; 01/2025
 8.1.7.63.01.00.000; ; (-) DESPESAS DE SERVICOS TECNICOS E;0;25888,89;25888,89;0;0;6;0;0; Balancete Mensal - 01/2025; 01/2025
 8.1.7.63.01.01.000; ; (-) DESPESAS DE SERVICOS TECNICOS E;0;25888,89;25888,89;0;0;6;0;0; Balancete Mensal - 01/2025; 01/2025
 8.1.7.63.01.01.001; ; AUDITORIA;0;7765,02;7765,02;0;0;4;0;0; Balancete Mensal - 01/2025; 01/2025
 8.1.7.63.01.01.002; ; ASSESSORIA E CONSULTORIA CONTABIL;0;9866,35;9866,35;0;0;1;0;0; Balancete Mensal - 01/2025; 01/2025
 8.1.7.63.01.01.003; ; ASSESSORIA E CONSULTORIA JURIDICA;0;8257,52;8257,52;0;0;1;0;0; Balancete Mensal - 01/2025; 01/2025
 8.1.7.66.00.00.000; 8.1.7.66.00.00-6; (-) DESPESAS DE TRANSPORTE;0;1345,94;1345,94;0;0;3;0;0; Balancete Mensal - 01/2025; 01/2025
 8.1.7.66.01.00.000; ; (-) DESPESAS DE TRANSPORTE;0;1345,94;1345,94;0;0;3;0;0; Balancete Mensal - 01/2025; 01/2025
 8.1.7.66.01.01.000; ; (-) DESPESAS DE TRANSPORTE;0;1345,94;1345,94;0;0;3;0;0; Balancete Mensal - 01/2025; 01/2025
 8.1.7.66.01.01.002; ; TRANSP HOSPED REFEIÇÕES E EVENTOS;0;1345,94;1345,94;0;0;3;0;0; Balancete Mensal - 01/2025; 01/2025
 8.1.7.69.00.00.000; 8.1.7.69.00.00-5; (-) DESPESAS TRIBUTARIAS;0;4505,64;4505,64;0;0;8;0;0; Balancete Mensal - 01/2025; 01/2025
 8.1.7.69.01.00.000; ; (-) DESPESAS TRIBUTARIAS;0;4505,64;4505,64;0;0;8;0;0; Balancete Mensal - 01/2025; 01/2025
 8.1.7.69.01.01.000; ; (-) DESPESAS TRIBUTARIAS;0;4505,64;4505,64;0;0;8;0;0; Balancete Mensal - 01/2025; 01/2025
 8.1.7.69.01.01.001; ; DESP C/ IPTU;0;3978,1;3978,1;0;0;1;0;0; Balancete Mensal - 01/2025; 01/2025
 8.1.7.69.01.01.003; ; JUROS E MULTAS;0;4,66;4,66;0;0;1;0;0; Balancete Mensal - 01/2025; 01/2025
 8.1.7.69.01.01.004; ; COFINS;0;449,79;449,79;0;0;3;0;0; Balancete Mensal - 01/2025; 01/2025
 8.1.7.69.01.01.005; ; PIS;0;73,09;73,09;0;0;3;0;0; Balancete Mensal - 01/2025; 01/2025
 8.1.7.99.00.00.000; 8.1.7.99.00.00-2; (-) OUTRAS DESPESAS ADMINISTRATIVAS;0;43811,71;43811,71;0;0;12;0;0; Balancete Mensal - 01/2025; 01/2025
 8.1.7.99.01.00.000; ; (-) OUTRAS DESPESAS ADMINISTRATIVAS;0;43811,71;43811,71;0;0;12;0;0; Balancete Mensal - 01/2025; 01/2025
 8.1.7.99.01.01.000; ; (-) OUTRAS DESPESAS ADMINISTRATIVAS;0;43811,71;43811,71;0;0;12;0;0; Balancete Mensal - 01/2025; 01/2025
 8.1.7.99.01.01.001; ; DESP C/CADASTROS E CONSULTAS;0;9127,13;9127,13;0;0;7;0;0; Balancete Mensal - 01/2025; 01/2025
 8.1.7.99.01.01.002; ; DESP C/CONTRIBUICAO OCESP;0;10594,87;10594,87;0;0;1;0;0; Balancete Mensal - 01/2025; 01/2025
 8.1.7.99.01.01.004; ; DESP C/ CERTIFICAÇÃO DIGITAL;0;374,9;374,9;0;0;1;0;0; Balancete Mensal - 01/2025; 01/2025
 8.1.7.99.01.01.006; ; DESP C/ CONTRIBUIÇÃO FNCC;0;4395,35;4395,35;0;0;1;0;0; Balancete Mensal - 01/2025; 01/2025
 8.1.7.99.01.01.008; ; DESP C/ COPA/COZINHA/INSUMOS/CAFÉ;0;1819,46;1819,46;0;0;1;0;0; Balancete Mensal - 01/2025; 01/2025
 8.1.7.99.01.01.017; ; BRINDES;0;17500;17500;0;0;1;0;0; Balancete Mensal - 01/2025; 01/2025
 8.1.8.00.00.00.000; 8.1.8.00.00.00-1; (-) APROVISIONAMENTOS E AJUSTES PAT;0;65897,75;65897,75;0;0;20;0;0; Balancete Mensal - 01/2025; 01/2025
 8.1.8.10.00.00.000; 8.1.8.10.00.00-0; (-) DESPESAS DE AMORTIZACAO;0;9971,81;9971,81;0;0;4;0;0; Balancete Mensal - 01/2025; 01/2025
 8.1.8.10.24.00.000; 8.1.8.10.24.00-0; (-) MARCAS;0;51;51;0;0;1;0;0; Balancete Mensal - 01/2025; 01/2025
 8.1.8.10.24.01.000; ; (-) MARCAS;0;51;51;0;0;1;0;0; Balancete Mensal - 01/2025; 01/2025
 8.1.8.10.24.01.001; ; DESP AMORTIZ INTANGIVEL-MARCAS;0;51;51;0;0;1;0;0; Balancete Mensal - 01/2025; 01/2025
 8.1.8.10.25.00.000; 8.1.8.10.25.00-9; (-) LICENCAS E DIREITOS AUTORAIS E;0;1731,94;1731,94;0;0;2;0;0; Balancete Mensal - 01/2025; 01/2025
 8.1.8.10.25.01.000; ; (-) LICENCAS E DIREITOS AUTORAIS E;0;1731,94;1731,94;0;0;2;0;0; Balancete Mensal - 01/2025; 01/2025
 8.1.8.10.25.01.001; ; DESP AMORTIZ INTANGIVEL-LIC DIR USO;0;1646,94;1646,94;0;0;1;0;0; Balancete Mensal - 01/2025; 01/2025
 8.1.8.10.25.01.002; ; DESP AMORTIZ INTANGIVEL - PROJ SEDE;0;85;85;0;0;1;0;0; Balancete Mensal - 01/2025; 01/2025
 8.1.8.10.28.00.000; 8.1.8.10.28.00-6; (-) DIREITOS DE USO;0;8188,87;8188,87;0;0;1;0;0; Balancete Mensal - 01/2025; 01/2025
 8.1.8.10.28.01.000; ; (-) DIREITOS DE USO;0;8188,87;8188,87;0;0;1;0;0; Balancete Mensal - 01/2025; 01/2025
 8.1.8.10.28.01.001; ; DESP AMORTIZ INTANGIVEL-OUTROS;0;8188,87;8188,87;0;0;1;0;0; Balancete Mensal - 01/2025; 01/2025
 8.1.8.20.00.00.000; 8.1.8.20.00.00-9; (-) DESPESAS DE DEPRECIACAO;0;55925,94;55925,94;0;0;16;0;0; Balancete Mensal - 01/2025; 01/2025
 8.1.8.20.20.00.000; 8.1.8.20.20.00-3; (-) INSTALACOES;0;7569,97;7569,97;0;0;2;0;0; Balancete Mensal - 01/2025; 01/2025
 8.1.8.20.20.01.000; ; (-) INSTALACOES;0;7569,97;7569,97;0;0;2;0;0; Balancete Mensal - 01/2025; 01/2025
 8.1.8.20.20.01.001; ; DESP DEPREC  INSTALACOES;0;1198,61;1198,61;0;0;1;0;0; Balancete Mensal - 01/2025; 01/2025
 8.1.8.20.20.01.002; ; DESP DEPREC INSTALAÇÕES - PROJ SEDE;0;6371,36;6371,36;0;0;1;0;0; Balancete Mensal - 01/2025; 01/2025
 8.1.8.20.30.00.000; 8.1.8.20.30.00-0; (-) MOVEIS E EQUIPAMENTOS;0;13495,64;13495,64;0;0;10;0;0; Balancete Mensal - 01/2025; 01/2025
 8.1.8.20.30.01.000; ; (-) MOVEIS E EQUIPAMENTOS;0;13495,64;13495,64;0;0;10;0;0; Balancete Mensal - 01/2025; 01/2025
 8.1.8.20.30.01.001; ; DESP DEPREC MOVEIS E EQUIPAMENTOS;0;3570,17;3570,17;0;0;6;0;0; Balancete Mensal - 01/2025; 01/2025
 8.1.8.20.30.01.002; ; DESP DEPREC MOVEIS EQUIP- PROJ SEDE;0;9925,47;9925,47;0;0;4;0;0; Balancete Mensal - 01/2025; 01/2025
 8.1.8.20.60.00.000; 8.1.8.20.60.00-1; (-) IMOVEIS EDIFICACOES;0;34074,32;34074,32;0;0;3;0;0; Balancete Mensal - 01/2025; 01/2025
 8.1.8.20.60.01.000; ; (-) IMOVEIS EDIFICACOES;0;34074,32;34074,32;0;0;3;0;0; Balancete Mensal - 01/2025; 01/2025
 8.1.8.20.60.01.001; ; DESP DEPREC IMOVEIS-EDIFICACOES;0;9357,44;9357,44;0;0;2;0;0; Balancete Mensal - 01/2025; 01/2025
 8.1.8.20.60.01.002; ; DESP DEPREC BENFEIT - PROJ SEDE;0;24716,88;24716,88;0;0;1;0;0; Balancete Mensal - 01/2025; 01/2025
 8.1.8.20.90.00.000; 8.1.8.20.90.00-2; (-) OUTROS IMOBILIZADOS EM USO;0;786,01;786,01;0;0;1;0;0; Balancete Mensal - 01/2025; 01/2025
 8.1.8.20.90.01.000; ; (-) OUTROS IMOBILIZADOS EM USO;0;786,01;786,01;0;0;1;0;0; Balancete Mensal - 01/2025; 01/2025
 8.1.8.20.90.01.001; ; DESP DEPREC OUTROS IMOB - PROJ SEDE;0;786,01;786,01;0;0;1;0;0; Balancete Mensal - 01/2025; 01/2025
 8.1.9.00.00.00.000; 8.1.9.00.00.00-8; (-) OUTRAS DESPESAS OPERACIONAIS;0;666092,48;1168862,3;502769,82;2;9;0;0; Balancete Mensal - 01/2025; 01/2025
 8.1.9.56.00.00.000; 8.1.9.56.00.00-1; (-) DESPESAS DE JUROS SOBRE O CAPIT;0;1091274,49;1091274,49;0;0;1;0;0; Balancete Mensal - 01/2025; 01/2025
 8.1.9.56.01.00.000; ; (-) DESPESAS DE JUROS SOBRE O CAPIT;0;1091274,49;1091274,49;0;0;1;0;0; Balancete Mensal - 01/2025; 01/2025
 8.1.9.56.01.01.000; ; (-) DESPESAS DE JUROS SOBRE O CAPIT;0;1091274,49;1091274,49;0;0;1;0;0; Balancete Mensal - 01/2025; 01/2025
 8.1.9.56.01.01.001; ; DESP DE JUROS S/CAPITAL COOPERATIVA;0;1091274,49;1091274,49;0;0;1;0;0; Balancete Mensal - 01/2025; 01/2025
 8.1.9.92.00.00.000; 8.1.9.92.00.00-5; (-) DESPESAS DE PROVISAO PARA RISCO;0;-434958,27;67811,55;502769,82;2;1;0;0; Balancete Mensal - 01/2025; 01/2025
 8.1.9.92.16.00.000; 8.1.9.92.16.00-6; (-) OPERACOES DE CREDITO;0;-434958,27;67811,55;502769,82;2;1;0;0; Balancete Mensal - 01/2025; 01/2025
 8.1.9.92.16.01.000; ; (-) OPERACOES DE CREDITO;0;-434958,27;67811,55;502769,82;2;1;0;0; Balancete Mensal - 01/2025; 01/2025
 8.1.9.92.16.01.001; ; OPERACOES CRED. LIQUID. DUVIDOSA;0;-434958,27;67811,55;502769,82;2;1;0;0; Balancete Mensal - 01/2025; 01/2025
 8.1.9.99.00.00.000; 8.1.9.99.00.00-6; (-) OUTRAS DESPESAS OPERACIONAIS;0;9776,26;9776,26;0;0;7;0;0; Balancete Mensal - 01/2025; 01/2025
 8.1.9.99.01.00.000; ; (-) OUTRAS DESPESAS OPERACIONAIS;0;9776,26;9776,26;0;0;7;0;0; Balancete Mensal - 01/2025; 01/2025
 8.1.9.99.01.01.000; ; (-) OUTRAS DESPESAS OPERACIONAIS;0;9776,26;9776,26;0;0;7;0;0; Balancete Mensal - 01/2025; 01/2025
 8.1.9.99.01.01.001; ; CUSTAS PROCESSUAIS;0;9776,26;9776,26;0;0;7;0;0; Balancete Mensal - 01/2025; 01/2025
 8.9.0.00.00.00.000; 8.9.0.00.00.00-9; (-) APURACAO DE RESULTADO;0;28465,2;28465,2;0;0;1;0;0; Balancete Mensal - 01/2025; 01/2025
 8.9.7.00.00.00.000; 8.9.7.00.00.00-8; (-) PARTICIPACOES NO LUCRO;0;28465,2;28465,2;0;0;1;0;0; Balancete Mensal - 01/2025; 01/2025
 8.9.7.10.00.00.000; 8.9.7.10.00.00-7; (-) PARTICIPACOES NO LUCRO;0;28465,2;28465,2;0;0;1;0;0; Balancete Mensal - 01/2025; 01/2025
 8.9.7.10.20.00.000; 8.9.7.10.20.00-1; (-) EMPREGADOS;0;28465,2;28465,2;0;0;1;0;0; Balancete Mensal - 01/2025; 01/2025
 8.9.7.10.20.01.000; ; (-) EMPREGADOS;0;28465,2;28465,2;0;0;1;0;0; Balancete Mensal - 01/2025; 01/2025
 8.9.7.10.20.01.001; ; EMPREGADOS;0;28465,2;28465,2;0;0;1;0;0; Balancete Mensal - 01/2025; 01/2025
 9.0.0.00.00.00.000; 9.0.0.00.00.00-1; COMPENSACAO PASSIVA;16321938,35;503242220,8;2163008,78;489083291,2;78;48;0;0; Balancete Mensal - 01/2025; 01/2025
 9.0.9.00.00.00.000; 9.0.9.00.00.00-4; CONTROLE;11142018,47;12040551,16;240791,34;1139324,03;29;13;0;0; Balancete Mensal - 01/2025; 01/2025
 9.0.9.10.00.00.000; 9.0.9.10.00.00-3; RESPONSABILIDADES POR AVAIS, FIANCA;10654612,95;11558509,09;219925,16;1123821,3;26;9;0;0; Balancete Mensal - 01/2025; 01/2025
 9.0.9.10.01.00.000; ; RESPONSABILIDADES POR AVAIS, FIANCA;10654612,95;11558509,09;219925,16;1123821,3;26;9;0;0; Balancete Mensal - 01/2025; 01/2025
 9.0.9.10.01.01.000; ; RESPONSABILIDADES POR AVAIS, FIANCA;10654612,95;11558509,09;219925,16;1123821,3;26;9;0;0; Balancete Mensal - 01/2025; 01/2025
 9.0.9.10.01.01.001; ; RESP AVAIS,FIANÇAS,OUTRAS GAR RECEB;10654612,95;11558509,09;219925,16;1123821,3;26;9;0;0; Balancete Mensal - 01/2025; 01/2025
 9.0.9.16.00.00.000; 9.0.9.16.00.00-1; OPERACOES COM PARTES RELACIONADAS -;487405,52;476972,43;20866,18;10433,09;2;4;0;0; Balancete Mensal - 01/2025; 01/2025
 9.0.9.16.01.00.000; ; OPERACOES COM PARTES RELACIONADAS -;487405,52;476972,43;20866,18;10433,09;2;4;0;0; Balancete Mensal - 01/2025; 01/2025
 9.0.9.16.01.01.000; ; OPERACOES COM PARTES RELACIONADAS -;487405,52;476972,43;20866,18;10433,09;2;4;0;0; Balancete Mensal - 01/2025; 01/2025
 9.0.9.16.01.01.001; ; OPERAÇÕES COM PARTES RELACIONADAS;487405,52;476972,43;20866,18;10433,09;2;4;0;0; Balancete Mensal - 01/2025; 01/2025
 9.0.9.90.00.00.000; ; AJUSTES NEGATIVOS DE PERDA ESPERADA;0;5069,64;0;5069,64;1;0;0;0; Balancete Mensal - 01/2025; 01/2025
 9.0.9.90.01.00.000; ; AJUSTES NEGATIVOS DE PERDA ESPERADA;0;5069,64;0;5069,64;1;0;0;0; Balancete Mensal - 01/2025; 01/2025
 9.0.9.90.01.01.000; ; AJUSTES NEGATIVOS DE PERDA ESPERADA;0;5069,64;0;5069,64;1;0;0;0; Balancete Mensal - 01/2025; 01/2025
 9.0.9.90.01.01.001; ; AJUSTES NEGATIVOS DE PERDA ESPERADA;0;5069,64;0;5069,64;1;0;0;0; Balancete Mensal - 01/2025; 01/2025
 9.2.0.00.00.00.000; 9.2.0.00.00.00-7; INSTRUMENTOS FINANCEIROS - CLASSIFI;0;198748754,5;0;198748754,5;6;0;0;0; Balancete Mensal - 01/2025; 01/2025
 9.2.1.00.00.00.000; 9.2.1.00.00.00-4; INSTRUMENTOS FINANCEIROS - CLASSIFI;0;99374377,24;0;99374377,24;2;0;0;0; Balancete Mensal - 01/2025; 01/2025
 9.2.1.10.00.00.000; 9.2.1.10.00.00-3; ATIVOS FINANCEIROS - CUSTO AMORTIZA;0;99374377,24;0;99374377,24;2;0;0;0; Balancete Mensal - 01/2025; 01/2025
 9.2.1.10.01.00.000; ; ATIVOS FINANCEIROS - CUSTO AMORTIZA;0;99374377,24;0;99374377,24;2;0;0;0; Balancete Mensal - 01/2025; 01/2025
 9.2.1.10.01.01.000; ; ATIVOS FINANCEIROS - CUSTO AMORTIZA;0;99374377,24;0;99374377,24;2;0;0;0; Balancete Mensal - 01/2025; 01/2025
 9.2.1.10.01.01.001; ; ATIVOS FINANCEIROS - CUSTO AMORTIZA;0;99374377,24;0;99374377,24;2;0;0;0; Balancete Mensal - 01/2025; 01/2025
 9.2.6.00.00.00.000; 9.2.6.00.00.00-9; COMPOSICAO DE CARTEIRAS DE OPERACOE;0;99374377,24;0;99374377,24;4;0;0;0; Balancete Mensal - 01/2025; 01/2025
 9.2.6.99.00.00.000; 9.2.6.99.00.00-7; COMPOSICAO DE CARTEIRAS DE OPERACOE;0;99374377,24;0;99374377,24;4;0;0;0; Balancete Mensal - 01/2025; 01/2025
 9.2.6.99.01.00.000; ; COMPOSICAO DE CARTEIRAS DE OPERACOE;0;99374377,24;0;99374377,24;4;0;0;0; Balancete Mensal - 01/2025; 01/2025
 9.2.6.99.01.01.000; ; COMPOSICAO DE CARTEIRAS DE OPERACOE;0;99374377,24;0;99374377,24;4;0;0;0; Balancete Mensal - 01/2025; 01/2025
 9.2.6.99.01.01.001; ; COMPOSICAO DE CARTEIRAS DE OPERACOE;0;99374377,24;0;99374377,24;4;0;0;0; Balancete Mensal - 01/2025; 01/2025
 9.3.0.00.00.00.000; 9.3.0.00.00.00-0; INSTRUMENTOS FINANCEIROS - RISCO DE;5179919,88;292452915,1;1922217,44;289195212,7;43;35;0;0; Balancete Mensal - 01/2025; 01/2025
 9.3.1.00.00.00.000; 9.3.1.00.00.00-7; ATIVOS FINANCEIROS - CLASSIFICACAO;0;99374377,24;292369,05;99666746,29;3;1;0;0; Balancete Mensal - 01/2025; 01/2025
 9.3.1.99.00.00.000; 9.3.1.99.00.00-5; ATIVOS FINANCEIROS - CLASSIFICACAO;0;99374377,24;292369,05;99666746,29;3;1;0;0; Balancete Mensal - 01/2025; 01/2025
 9.3.1.99.01.00.000; ; ATIVOS FINANCEIROS - CLASSIFICACAO;0;99374377,24;292369,05;99666746,29;3;1;0;0; Balancete Mensal - 01/2025; 01/2025
 9.3.1.99.01.01.000; ; ATIVOS FINANCEIROS - CLASSIFICACAO;0;99374377,24;292369,05;99666746,29;3;1;0;0; Balancete Mensal - 01/2025; 01/2025
 9.3.1.99.01.01.001; ; ATIVOS FINANCEIROS - CLASSIFICACAO;0;99374377,24;292369,05;99666746,29;3;1;0;0; Balancete Mensal - 01/2025; 01/2025
 9.3.2.00.00.00.000; 9.3.2.00.00.00-4; ATIVOS FINANCEIROS - CLASSIFICACAO;0;99374377,24;1339069,45;100713446,7;36;12;0;0; Balancete Mensal - 01/2025; 01/2025
 9.3.2.99.00.00.000; 9.3.2.99.00.00-2; ATIVOS FINANCEIROS - CLASSIFICACAO;0;99374377,24;1339069,45;100713446,7;36;12;0;0; Balancete Mensal - 01/2025; 01/2025
 9.3.2.99.01.00.000; ; ATIVOS FINANCEIROS - CLASSIFICACAO;0;99374377,24;1339069,45;100713446,7;36;12;0;0; Balancete Mensal - 01/2025; 01/2025
 9.3.2.99.01.01.000; ; ATIVOS FINANCEIROS - CLASSIFICACAO;0;99374377,24;1339069,45;100713446,7;36;12;0;0; Balancete Mensal - 01/2025; 01/2025
 9.3.2.99.01.01.001; ; ATIVOS FINANCEIROS - CLASSIFICACAO;0;99374377,24;1339069,45;100713446,7;36;12;0;0; Balancete Mensal - 01/2025; 01/2025
 9.3.3.00.00.00.000; 9.3.3.00.00.00-1; CREDITOS BAIXADOS COMO PREJUIZO;5179919,88;5070656,62;278499,08;169235,82;1;21;0;0; Balancete Mensal - 01/2025; 01/2025
 9.3.3.10.00.00.000; 9.3.3.10.00.00-0; CREDITOS BAIXADOS COMO PREJUIZO - E;5179919,88;5070656,62;278499,08;169235,82;1;21;0;0; Balancete Mensal - 01/2025; 01/2025
 9.3.3.10.10.00.000; 9.3.3.10.10.00-7; CREDITOS BAIXADOS NOS ULTIMOS 12 ME;1412919,86;1210608,66;202311,2;0;0;3;0;0; Balancete Mensal - 01/2025; 01/2025
 9.3.3.10.10.01.000; ; CREDITOS BAIXADOS NOS ULTIMOS 12 ME;1412919,86;1210608,66;202311,2;0;0;3;0;0; Balancete Mensal - 01/2025; 01/2025
 9.3.3.10.10.01.001; ; CRED BAIXADOS NOS ULTIMOS 12 MESES;1412919,86;1210608,66;202311,2;0;0;3;0;0; Balancete Mensal - 01/2025; 01/2025
 9.3.3.10.15.00.000; 9.3.3.10.15.00-2; CREDITOS BAIXADOS ENTRE 13 E 48 MES;1577059,78;1718887,58;27408,02;169235,82;1;9;0;0; Balancete Mensal - 01/2025; 01/2025
 9.3.3.10.15.01.000; ; CREDITOS BAIXADOS ENTRE 13 E 48 MES;1577059,78;1718887,58;27408,02;169235,82;1;9;0;0; Balancete Mensal - 01/2025; 01/2025
 9.3.3.10.15.01.001; ; CRED BAIXADOS ENTRE 13 E 48 MESES;1577059,78;1718887,58;27408,02;169235,82;1;9;0;0; Balancete Mensal - 01/2025; 01/2025
 9.3.3.10.20.00.000; 9.3.3.10.20.00-4; CREDITOS BAIXADOS HA MAIS DE 48 MES;2189940,24;2141160,38;48779,86;0;0;9;0;0; Balancete Mensal - 01/2025; 01/2025
 9.3.3.10.20.01.000; ; CREDITOS BAIXADOS HA MAIS DE 48 MES;2189940,24;2141160,38;48779,86;0;0;9;0;0; Balancete Mensal - 01/2025; 01/2025
 9.3.3.10.20.01.001; ; CRED BAIXADOS HÁ MAIS DE 48 MESES;2189940,24;2141160,38;48779,86;0;0;9;0;0; Balancete Mensal - 01/2025; 01/2025
 9.3.9.00.00.00.000; ; OUTROS;0;88633504,04;12279,86;88645783,9;3;1;0;0; Balancete Mensal - 01/2025; 01/2025
 9.3.9.05.00.00.000; ; CRED PESSOAL CONSINACAO - CONTROLE;0;88633504,04;12279,86;88645783,9;3;1;0;0; Balancete Mensal - 01/2025; 01/2025
 9.3.9.05.01.00.000; ; CRED PESSOAL CONSINACAO - CONTROLE;0;88633504,04;12279,86;88645783,9;3;1;0;0; Balancete Mensal - 01/2025; 01/2025
 9.3.9.05.01.01.000; ; CRED PESSOAL CONSINACAO - CONTROLE;0;88633504,04;12279,86;88645783,9;3;1;0;0; Balancete Mensal - 01/2025; 01/2025
 9.3.9.05.01.01.001; ; CRED PESSOAL CONSINACAO - CONTROLE;0;88633504,04;12279,86;88645783,9;3;1;0;0; Balancete Mensal - 01/2025; 01/2025
